1,1494,01-2015,6216.47,0,0,0,0,0,0,0,0,0,0,0,0,0,0,1,0000-00-00 00:00:00,0000-00-00 00:00:00
2,1592,01-2015,7740.00,0,0,0,0,0,0,0,0,0,0,0,0,0,0,1,0000-00-00 00:00:00,0000-00-00 00:00:00
3,1632,01-2015,7700.00,0,0,0,0,0,0,0,0,0,0,0,0,0,0,1,0000-00-00 00:00:00,0000-00-00 00:00:00
4,1643,01-2015,7430.00,0,0,0,0,0,0,0,0,0,0,0,0,0,0,1,0000-00-00 00:00:00,0000-00-00 00:00:00
5,1649,01-2015,9920.00,0,0,0,0,0,0,0,0,0,0,0,0,0,0,1,0000-00-00 00:00:00,0000-00-00 00:00:00
6,1719,01-2015,10795.00,0,0,0,0,0,0,0,0,0,0,0,0,0,0,1,0000-00-00 00:00:00,0000-00-00 00:00:00
7,1817,01-2015,17150.00,0,0,0,0,0,0,0,0,0,0,0,0,0,0,1,0000-00-00 00:00:00,0000-00-00 00:00:00
8,1980,01-2015,4570.00,0,0,0,0,0,0,0,0,0,0,0,0,0,0,1,0000-00-00 00:00:00,0000-00-00 00:00:00
9,1985,01-2015,11570.00,0,0,0,0,0,0,0,0,0,0,0,0,0,0,1,0000-00-00 00:00:00,0000-00-00 00:00:00
10,2019,01-2015,6430.00,0,0,0,0,0,0,0,0,0,0,0,0,0,0,1,0000-00-00 00:00:00,0000-00-00 00:00:00
11,2099,01-2015,8040.00,0,0,0,0,0,0,0,0,0,0,0,0,0,0,1,0000-00-00 00:00:00,0000-00-00 00:00:00
12,2117,01-2015,6690.00,0,0,0,0,0,0,0,0,0,0,0,0,0,0,1,0000-00-00 00:00:00,0000-00-00 00:00:00
13,2152,01-2015,13105.00,0,0,0,0,0,0,0,0,0,0,0,0,0,0,1,0000-00-00 00:00:00,0000-00-00 00:00:00
14,2164,01-2015,7373.00,0,0,0,0,0,0,0,0,0,0,0,0,0,0,1,0000-00-00 00:00:00,0000-00-00 00:00:00
15,2235,01-2015,6980.00,0,0,0,0,0,0,0,0,0,0,0,0,0,0,1,0000-00-00 00:00:00,0000-00-00 00:00:00
16,2236,01-2015,3800.00,0,0,0,0,0,0,0,0,0,0,0,0,0,0,1,0000-00-00 00:00:00,0000-00-00 00:00:00
17,2250,01-2015,5610.00,0,0,0,0,0,0,0,0,0,0,0,0,0,0,1,0000-00-00 00:00:00,0000-00-00 00:00:00
18,2334,01-2015,5390.00,0,0,0,0,0,0,0,0,0,0,0,0,0,0,1,0000-00-00 00:00:00,0000-00-00 00:00:00
19,2364,01-2015,5630.00,0,0,0,0,0,0,0,0,0,0,0,0,0,0,1,0000-00-00 00:00:00,0000-00-00 00:00:00
20,2371,01-2015,5605.00,0,0,0,0,0,0,0,0,0,0,0,0,0,0,1,0000-00-00 00:00:00,0000-00-00 00:00:00
21,2378,01-2015,0.00,0,0,0,0,0,0,0,0,0,0,0,0,0,0,1,0000-00-00 00:00:00,0000-00-00 00:00:00
22,2380,01-2015,5280.00,0,0,0,0,0,0,0,0,0,0,0,0,0,0,1,0000-00-00 00:00:00,0000-00-00 00:00:00
23,2529,01-2015,10620.00,0,0,0,0,0,0,0,0,0,0,0,0,0,0,1,0000-00-00 00:00:00,0000-00-00 00:00:00
24,2660,01-2015,10190.00,0,0,0,0,0,0,0,0,0,0,0,0,0,0,1,0000-00-00 00:00:00,0000-00-00 00:00:00
25,2673,01-2015,9510.00,0,0,0,0,0,0,0,0,0,0,0,0,0,0,1,0000-00-00 00:00:00,0000-00-00 00:00:00
26,2679,01-2015,7800.00,0,0,0,0,0,0,0,0,0,0,0,0,0,0,1,0000-00-00 00:00:00,0000-00-00 00:00:00
27,2682,01-2015,286.00,0,0,0,0,0,0,0,0,0,0,0,0,0,0,1,0000-00-00 00:00:00,0000-00-00 00:00:00
28,2684,01-2015,3260.00,0,0,0,0,0,0,0,0,0,0,0,0,0,0,1,0000-00-00 00:00:00,0000-00-00 00:00:00
29,2685,01-2015,2620.00,0,0,0,0,0,0,0,0,0,0,0,0,0,0,1,0000-00-00 00:00:00,0000-00-00 00:00:00
30,2686,01-2015,3250.00,0,0,0,0,0,0,0,0,0,0,0,0,0,0,1,0000-00-00 00:00:00,0000-00-00 00:00:00
31,2745,01-2015,2820.00,0,0,0,0,0,0,0,0,0,0,0,0,0,0,1,0000-00-00 00:00:00,0000-00-00 00:00:00
32,2747,01-2015,2820.00,0,0,0,0,0,0,0,0,0,0,0,0,0,0,1,0000-00-00 00:00:00,0000-00-00 00:00:00
33,2750,01-2015,4230.00,0,0,0,0,0,0,0,0,0,0,0,0,0,0,1,0000-00-00 00:00:00,0000-00-00 00:00:00
34,2756,01-2015,3960.00,0,0,0,0,0,0,0,0,0,0,0,0,0,0,1,0000-00-00 00:00:00,0000-00-00 00:00:00
35,2758,01-2015,4470.00,0,0,0,0,0,0,0,0,0,0,0,0,0,0,1,0000-00-00 00:00:00,0000-00-00 00:00:00
36,2760,01-2015,9800.00,0,0,0,0,0,0,0,0,0,0,0,0,0,0,1,0000-00-00 00:00:00,0000-00-00 00:00:00
37,2764,01-2015,4050.00,0,0,0,0,0,0,0,0,0,0,0,0,0,0,1,0000-00-00 00:00:00,0000-00-00 00:00:00
38,2836,01-2015,1480.00,0,0,0,0,0,0,0,0,0,0,0,0,0,0,1,0000-00-00 00:00:00,0000-00-00 00:00:00
39,2846,01-2015,2540.00,0,0,0,0,0,0,0,0,0,0,0,0,0,0,1,0000-00-00 00:00:00,0000-00-00 00:00:00
40,2868,01-2015,1580.00,0,0,0,0,0,0,0,0,0,0,0,0,0,0,1,0000-00-00 00:00:00,0000-00-00 00:00:00
41,2874,01-2015,2480.00,0,0,0,0,0,0,0,0,0,0,0,0,0,0,1,0000-00-00 00:00:00,0000-00-00 00:00:00
42,2885,01-2015,4910.00,0,0,0,0,0,0,0,0,0,0,0,0,0,0,1,0000-00-00 00:00:00,0000-00-00 00:00:00
43,2923,01-2015,2080.00,0,0,0,0,0,0,0,0,0,0,0,0,0,0,1,0000-00-00 00:00:00,0000-00-00 00:00:00
44,2924,01-2015,1140.00,0,0,0,0,0,0,0,0,0,0,0,0,0,0,1,0000-00-00 00:00:00,0000-00-00 00:00:00
45,2927,01-2015,1230.00,0,0,0,0,0,0,0,0,0,0,0,0,0,0,1,0000-00-00 00:00:00,0000-00-00 00:00:00
46,2968,01-2015,1230.00,0,0,0,0,0,0,0,0,0,0,0,0,0,0,1,0000-00-00 00:00:00,0000-00-00 00:00:00
47,2969,01-2015,2180.00,0,0,0,0,0,0,0,0,0,0,0,0,0,0,1,0000-00-00 00:00:00,0000-00-00 00:00:00
48,2970,01-2015,1950.00,0,0,0,0,0,0,0,0,0,0,0,0,0,0,1,0000-00-00 00:00:00,0000-00-00 00:00:00
49,3023,01-2015,3050.00,0,0,0,0,0,0,0,0,0,0,0,0,0,0,1,0000-00-00 00:00:00,0000-00-00 00:00:00
50,3058,01-2015,830.00,0,0,0,0,0,0,0,0,0,0,0,0,0,0,1,0000-00-00 00:00:00,0000-00-00 00:00:00
51,3105,01-2015,2060.00,0,0,0,0,0,0,0,0,0,0,0,0,0,0,1,0000-00-00 00:00:00,0000-00-00 00:00:00
52,3112,01-2015,3250.00,0,0,0,0,0,0,0,0,0,0,0,0,0,0,1,0000-00-00 00:00:00,0000-00-00 00:00:00
53,3121,01-2015,2550.00,0,0,0,0,0,0,0,0,0,0,0,0,0,0,1,0000-00-00 00:00:00,0000-00-00 00:00:00
54,3122,01-2015,1680.00,0,0,0,0,0,0,0,0,0,0,0,0,0,0,1,0000-00-00 00:00:00,0000-00-00 00:00:00
55,3124,01-2015,8900.00,0,0,0,0,0,0,0,0,0,0,0,0,0,0,1,0000-00-00 00:00:00,0000-00-00 00:00:00
56,3131,01-2015,12040.00,0,0,0,0,0,0,0,0,0,0,0,0,0,0,1,0000-00-00 00:00:00,0000-00-00 00:00:00
57,3132,01-2015,3460.00,0,0,0,0,0,0,0,0,0,0,0,0,0,0,1,0000-00-00 00:00:00,0000-00-00 00:00:00
58,3137,01-2015,2370.00,0,0,0,0,0,0,0,0,0,0,0,0,0,0,1,0000-00-00 00:00:00,0000-00-00 00:00:00
59,3137,01-2015,2700.00,0,0,0,0,0,0,0,0,0,0,0,0,0,0,1,0000-00-00 00:00:00,0000-00-00 00:00:00
60,3140,01-2015,1800.00,0,0,0,0,0,0,0,0,0,0,0,0,0,0,1,0000-00-00 00:00:00,0000-00-00 00:00:00
61,3144,01-2015,2700.00,0,0,0,0,0,0,0,0,0,0,0,0,0,0,1,0000-00-00 00:00:00,0000-00-00 00:00:00
62,3147,01-2015,1400.00,0,0,0,0,0,0,0,0,0,0,0,0,0,0,1,0000-00-00 00:00:00,0000-00-00 00:00:00
63,3150,01-2015,3040.00,0,0,0,0,0,0,0,0,0,0,0,0,0,0,1,0000-00-00 00:00:00,0000-00-00 00:00:00
64,3158,01-2015,1800.00,0,0,0,0,0,0,0,0,0,0,0,0,0,0,1,0000-00-00 00:00:00,0000-00-00 00:00:00
65,3159,01-2015,3350.00,0,0,0,0,0,0,0,0,0,0,0,0,0,0,1,0000-00-00 00:00:00,0000-00-00 00:00:00
66,3170,01-2015,3250.00,0,0,0,0,0,0,0,0,0,0,0,0,0,0,1,0000-00-00 00:00:00,0000-00-00 00:00:00
67,3181,01-2015,1800.00,0,0,0,0,0,0,0,0,0,0,0,0,0,0,1,0000-00-00 00:00:00,0000-00-00 00:00:00
68,3184,01-2015,4200.00,0,0,0,0,0,0,0,0,0,0,0,0,0,0,1,0000-00-00 00:00:00,0000-00-00 00:00:00
69,3189,01-2015,1680.00,0,0,0,0,0,0,0,0,0,0,0,0,0,0,1,0000-00-00 00:00:00,0000-00-00 00:00:00
70,3242,01-2015,2320.00,0,0,0,0,0,0,0,0,0,0,0,0,0,0,1,0000-00-00 00:00:00,0000-00-00 00:00:00
71,3243,01-2015,2010.00,0,0,0,0,0,0,0,0,0,0,0,0,0,0,1,0000-00-00 00:00:00,0000-00-00 00:00:00
72,3269,01-2015,90.00,0,0,0,0,0,0,0,0,0,0,0,0,0,0,1,0000-00-00 00:00:00,0000-00-00 00:00:00
73,3285,01-2015,4250.00,0,0,0,0,0,0,0,0,0,0,0,0,0,0,1,0000-00-00 00:00:00,0000-00-00 00:00:00
74,3286,01-2015,1700.00,0,0,0,0,0,0,0,0,0,0,0,0,0,0,1,0000-00-00 00:00:00,0000-00-00 00:00:00
75,3293,01-2015,150.00,0,0,0,0,0,0,0,0,0,0,0,0,0,0,1,0000-00-00 00:00:00,0000-00-00 00:00:00
76,3301,01-2015,780.00,0,0,0,0,0,0,0,0,0,0,0,0,0,0,1,0000-00-00 00:00:00,0000-00-00 00:00:00
77,3303,01-2015,1950.00,0,0,0,0,0,0,0,0,0,0,0,0,0,0,1,0000-00-00 00:00:00,0000-00-00 00:00:00
78,3304,01-2015,700.00,0,0,0,0,0,0,0,0,0,0,0,0,0,0,1,0000-00-00 00:00:00,0000-00-00 00:00:00
79,3312,01-2015,3350.00,0,0,0,0,0,0,0,0,0,0,0,0,0,0,1,0000-00-00 00:00:00,0000-00-00 00:00:00
80,3338,01-2015,1680.00,0,0,0,0,0,0,0,0,0,0,0,0,0,0,1,0000-00-00 00:00:00,0000-00-00 00:00:00
81,3346,01-2015,1240.00,0,0,0,0,0,0,0,0,0,0,0,0,0,0,1,0000-00-00 00:00:00,0000-00-00 00:00:00
82,3347,01-2015,1240.00,0,0,0,0,0,0,0,0,0,0,0,0,0,0,1,0000-00-00 00:00:00,0000-00-00 00:00:00
83,3351,01-2015,2220.00,0,0,0,0,0,0,0,0,0,0,0,0,0,0,1,0000-00-00 00:00:00,0000-00-00 00:00:00
84,3371,01-2015,900.00,0,0,0,0,0,0,0,0,0,0,0,0,0,0,1,0000-00-00 00:00:00,0000-00-00 00:00:00
85,3419,01-2015,1480.00,0,0,0,0,0,0,0,0,0,0,0,0,0,0,1,0000-00-00 00:00:00,0000-00-00 00:00:00
86,3422,01-2015,2220.00,0,0,0,0,0,0,0,0,0,0,0,0,0,0,1,0000-00-00 00:00:00,0000-00-00 00:00:00
87,3428,01-2015,1460.00,0,0,0,0,0,0,0,0,0,0,0,0,0,0,1,0000-00-00 00:00:00,0000-00-00 00:00:00
88,3429,01-2015,900.00,0,0,0,0,0,0,0,0,0,0,0,0,0,0,1,0000-00-00 00:00:00,0000-00-00 00:00:00
89,3430,01-2015,60.00,0,0,0,0,0,0,0,0,0,0,0,0,0,0,1,0000-00-00 00:00:00,0000-00-00 00:00:00
90,3468,01-2015,1480.00,0,0,0,0,0,0,0,0,0,0,0,0,0,0,1,0000-00-00 00:00:00,0000-00-00 00:00:00
91,3501,01-2015,1690.00,0,0,0,0,0,0,0,0,0,0,0,0,0,0,1,0000-00-00 00:00:00,0000-00-00 00:00:00
92,3502,01-2015,760.00,0,0,0,0,0,0,0,0,0,0,0,0,0,0,1,0000-00-00 00:00:00,0000-00-00 00:00:00
93,3567,01-2015,2050.00,0,0,0,0,0,0,0,0,0,0,0,0,0,0,1,0000-00-00 00:00:00,0000-00-00 00:00:00
94,3576,01-2015,1800.00,0,0,0,0,0,0,0,0,0,0,0,0,0,0,1,0000-00-00 00:00:00,0000-00-00 00:00:00
95,3591,01-2015,1800.00,0,0,0,0,0,0,0,0,0,0,0,0,0,0,1,0000-00-00 00:00:00,0000-00-00 00:00:00
96,3649,01-2015,1800.00,0,0,0,0,0,0,0,0,0,0,0,0,0,0,1,0000-00-00 00:00:00,0000-00-00 00:00:00
97,3662,01-2015,1800.00,0,0,0,0,0,0,0,0,0,0,0,0,0,0,1,0000-00-00 00:00:00,0000-00-00 00:00:00
98,3670,01-2015,660.00,0,0,0,0,0,0,0,0,0,0,0,0,0,0,1,0000-00-00 00:00:00,0000-00-00 00:00:00
99,3671,01-2015,420.00,0,0,0,0,0,0,0,0,0,0,0,0,0,0,1,0000-00-00 00:00:00,0000-00-00 00:00:00
100,1990,01-2015,7620.00,0,0,0,0,0,0,0,0,0,0,0,0,0,0,2,0000-00-00 00:00:00,0000-00-00 00:00:00
101,2041,01-2015,9030.00,0,0,0,0,0,0,0,0,0,0,0,0,0,0,2,0000-00-00 00:00:00,0000-00-00 00:00:00
102,2170,01-2015,9240.00,0,0,0,0,0,0,0,0,0,0,0,0,0,0,2,0000-00-00 00:00:00,0000-00-00 00:00:00
103,2230,01-2015,10060.00,0,0,0,0,0,0,0,0,0,0,0,0,0,0,2,0000-00-00 00:00:00,0000-00-00 00:00:00
104,2243,01-2015,6060.00,0,0,0,0,0,0,0,0,0,0,0,0,0,0,2,0000-00-00 00:00:00,0000-00-00 00:00:00
105,2354,01-2015,5630.00,0,0,0,0,0,0,0,0,0,0,0,0,0,0,2,0000-00-00 00:00:00,0000-00-00 00:00:00
106,2411,01-2015,5820.00,0,0,0,0,0,0,0,0,0,0,0,0,0,0,2,0000-00-00 00:00:00,0000-00-00 00:00:00
107,1230,01-2015,14710.00,0,0,0,0,0,0,0,0,0,0,0,0,0,0,2,0000-00-00 00:00:00,0000-00-00 00:00:00
108,2712,01-2015,6180.00,0,0,0,0,0,0,0,0,0,0,0,0,0,0,2,0000-00-00 00:00:00,0000-00-00 00:00:00
109,2719,01-2015,3480.00,0,0,0,0,0,0,0,0,0,0,0,0,0,0,2,0000-00-00 00:00:00,0000-00-00 00:00:00
110,2833,01-2015,6200.00,0,0,0,0,0,0,0,0,0,0,0,0,0,0,2,0000-00-00 00:00:00,0000-00-00 00:00:00
111,2837,01-2015,4510.00,0,0,0,0,0,0,0,0,0,0,0,0,0,0,2,0000-00-00 00:00:00,0000-00-00 00:00:00
112,2844,01-2015,2340.00,0,0,0,0,0,0,0,0,0,0,0,0,0,0,2,0000-00-00 00:00:00,0000-00-00 00:00:00
113,2869,01-2015,2480.00,0,0,0,0,0,0,0,0,0,0,0,0,0,0,2,0000-00-00 00:00:00,0000-00-00 00:00:00
114,2872,01-2015,2480.00,0,0,0,0,0,0,0,0,0,0,0,0,0,0,2,0000-00-00 00:00:00,0000-00-00 00:00:00
115,2873,01-2015,3050.00,0,0,0,0,0,0,0,0,0,0,0,0,0,0,2,0000-00-00 00:00:00,0000-00-00 00:00:00
116,2876,01-2015,3100.00,0,0,0,0,0,0,0,0,0,0,0,0,0,0,2,0000-00-00 00:00:00,0000-00-00 00:00:00
117,2890,01-2015,2480.00,0,0,0,0,0,0,0,0,0,0,0,0,0,0,2,0000-00-00 00:00:00,0000-00-00 00:00:00
118,2891,01-2015,2480.00,0,0,0,0,0,0,0,0,0,0,0,0,0,0,2,0000-00-00 00:00:00,0000-00-00 00:00:00
119,3021,01-2015,2080.00,0,0,0,0,0,0,0,0,0,0,0,0,0,0,2,0000-00-00 00:00:00,0000-00-00 00:00:00
120,3106,01-2015,1140.00,0,0,0,0,0,0,0,0,0,0,0,0,0,0,2,0000-00-00 00:00:00,0000-00-00 00:00:00
121,3188,01-2015,1440.00,0,0,0,0,0,0,0,0,0,0,0,0,0,0,2,0000-00-00 00:00:00,0000-00-00 00:00:00
122,3192,01-2015,1300.00,0,0,0,0,0,0,0,0,0,0,0,0,0,0,2,0000-00-00 00:00:00,0000-00-00 00:00:00
123,3197,01-2015,2570.00,0,0,0,0,0,0,0,0,0,0,0,0,0,0,2,0000-00-00 00:00:00,0000-00-00 00:00:00
124,3223,01-2015,650.00,0,0,0,0,0,0,0,0,0,0,0,0,0,0,2,0000-00-00 00:00:00,0000-00-00 00:00:00
125,3224,01-2015,1800.00,0,0,0,0,0,0,0,0,0,0,0,0,0,0,2,0000-00-00 00:00:00,0000-00-00 00:00:00
126,3251,01-2015,1810.00,0,0,0,0,0,0,0,0,0,0,0,0,0,0,2,0000-00-00 00:00:00,0000-00-00 00:00:00
127,3337,01-2015,1800.00,0,0,0,0,0,0,0,0,0,0,0,0,0,0,2,0000-00-00 00:00:00,0000-00-00 00:00:00
128,3341,01-2015,2370.00,0,0,0,0,0,0,0,0,0,0,0,0,0,0,2,0000-00-00 00:00:00,0000-00-00 00:00:00
129,3413,01-2015,120.00,0,0,0,0,0,0,0,0,0,0,0,0,0,0,2,0000-00-00 00:00:00,0000-00-00 00:00:00
130,3519,01-2015,720.00,0,0,0,0,0,0,0,0,0,0,0,0,0,0,2,0000-00-00 00:00:00,0000-00-00 00:00:00
131,3597,01-2015,1310.00,0,0,0,0,0,0,0,0,0,0,0,0,0,0,2,0000-00-00 00:00:00,0000-00-00 00:00:00
132,3609,01-2015,560.00,0,0,0,0,0,0,0,0,0,0,0,0,0,0,2,0000-00-00 00:00:00,0000-00-00 00:00:00
133,3687,01-2015,980.00,0,0,0,0,0,0,0,0,0,0,0,0,0,0,2,0000-00-00 00:00:00,0000-00-00 00:00:00
134,3719,01-2015,150.00,0,0,0,0,0,0,0,0,0,0,0,0,0,0,2,0000-00-00 00:00:00,0000-00-00 00:00:00
135,1623,01-2015,6200.00,0,0,0,0,0,0,0,0,0,0,0,0,0,0,3,0000-00-00 00:00:00,0000-00-00 00:00:00
136,1789,01-2015,7130.00,0,0,0,0,0,0,0,0,0,0,0,0,0,0,3,0000-00-00 00:00:00,0000-00-00 00:00:00
137,2020,01-2015,6960.00,0,0,0,0,0,0,0,0,0,0,0,0,0,0,3,0000-00-00 00:00:00,0000-00-00 00:00:00
138,2047,01-2015,6760.00,0,0,0,0,0,0,0,0,0,0,0,0,0,0,3,0000-00-00 00:00:00,0000-00-00 00:00:00
139,2098,01-2015,12540.00,0,0,0,0,0,0,0,0,0,0,0,0,0,0,3,0000-00-00 00:00:00,0000-00-00 00:00:00
140,2134,01-2015,7570.00,0,0,0,0,0,0,0,0,0,0,0,0,0,0,3,0000-00-00 00:00:00,0000-00-00 00:00:00
141,2193,01-2015,6280.00,0,0,0,0,0,0,0,0,0,0,0,0,0,0,3,0000-00-00 00:00:00,0000-00-00 00:00:00
142,2345,01-2015,5620.00,0,0,0,0,0,0,0,0,0,0,0,0,0,0,3,0000-00-00 00:00:00,0000-00-00 00:00:00
143,2348,01-2015,6355.00,0,0,0,0,0,0,0,0,0,0,0,0,0,0,3,0000-00-00 00:00:00,0000-00-00 00:00:00
144,2413,01-2015,12700.00,0,0,0,0,0,0,0,0,0,0,0,0,0,0,3,0000-00-00 00:00:00,0000-00-00 00:00:00
145,2690,01-2015,4890.00,0,0,0,0,0,0,0,0,0,0,0,0,0,0,3,0000-00-00 00:00:00,0000-00-00 00:00:00
146,2703,01-2015,6140.00,0,0,0,0,0,0,0,0,0,0,0,0,0,0,3,0000-00-00 00:00:00,0000-00-00 00:00:00
147,2705,01-2015,5250.00,0,0,0,0,0,0,0,0,0,0,0,0,0,0,3,0000-00-00 00:00:00,0000-00-00 00:00:00
148,2710,01-2015,6750.00,0,0,0,0,0,0,0,0,0,0,0,0,0,0,3,0000-00-00 00:00:00,0000-00-00 00:00:00
149,2733,01-2015,8000.00,0,0,0,0,0,0,0,0,0,0,0,0,0,0,3,0000-00-00 00:00:00,0000-00-00 00:00:00
150,2743,01-2015,2820.00,0,0,0,0,0,0,0,0,0,0,0,0,0,0,3,0000-00-00 00:00:00,0000-00-00 00:00:00
151,2847,01-2015,3550.00,0,0,0,0,0,0,0,0,0,0,0,0,0,0,3,0000-00-00 00:00:00,0000-00-00 00:00:00
152,2900,01-2015,2410.00,0,0,0,0,0,0,0,0,0,0,0,0,0,0,3,0000-00-00 00:00:00,0000-00-00 00:00:00
153,2926,01-2015,2080.00,0,0,0,0,0,0,0,0,0,0,0,0,0,0,3,0000-00-00 00:00:00,0000-00-00 00:00:00
154,3116,01-2015,3350.00,0,0,0,0,0,0,0,0,0,0,0,0,0,0,3,0000-00-00 00:00:00,0000-00-00 00:00:00
155,3126,01-2015,3240.00,0,0,0,0,0,0,0,0,0,0,0,0,0,0,3,0000-00-00 00:00:00,0000-00-00 00:00:00
156,3149,01-2015,2130.00,0,0,0,0,0,0,0,0,0,0,0,0,0,0,3,0000-00-00 00:00:00,0000-00-00 00:00:00
157,3151,01-2015,1750.00,0,0,0,0,0,0,0,0,0,0,0,0,0,0,3,0000-00-00 00:00:00,0000-00-00 00:00:00
158,3183,01-2015,9910.00,0,0,0,0,0,0,0,0,0,0,0,0,0,0,3,0000-00-00 00:00:00,0000-00-00 00:00:00
159,3258,01-2015,1780.00,0,0,0,0,0,0,0,0,0,0,0,0,0,0,3,0000-00-00 00:00:00,0000-00-00 00:00:00
160,3259,01-2015,4450.00,0,0,0,0,0,0,0,0,0,0,0,0,0,0,3,0000-00-00 00:00:00,0000-00-00 00:00:00
161,3276,01-2015,4250.00,0,0,0,0,0,0,0,0,0,0,0,0,0,0,3,0000-00-00 00:00:00,0000-00-00 00:00:00
162,3278,01-2015,2370.00,0,0,0,0,0,0,0,0,0,0,0,0,0,0,3,0000-00-00 00:00:00,0000-00-00 00:00:00
163,3432,01-2015,1480.00,0,0,0,0,0,0,0,0,0,0,0,0,0,0,3,0000-00-00 00:00:00,0000-00-00 00:00:00
164,3491,01-2015,3210.00,0,0,0,0,0,0,0,0,0,0,0,0,0,0,3,0000-00-00 00:00:00,0000-00-00 00:00:00
165,3538,01-2015,1230.00,0,0,0,0,0,0,0,0,0,0,0,0,0,0,3,0000-00-00 00:00:00,0000-00-00 00:00:00
166,3614,01-2015,2050.00,0,0,0,0,0,0,0,0,0,0,0,0,0,0,3,0000-00-00 00:00:00,0000-00-00 00:00:00
167,3616,01-2015,2050.00,0,0,0,0,0,0,0,0,0,0,0,0,0,0,3,0000-00-00 00:00:00,0000-00-00 00:00:00
168,3619,01-2015,2050.00,0,0,0,0,0,0,0,0,0,0,0,0,0,0,3,0000-00-00 00:00:00,0000-00-00 00:00:00
169,3621,01-2015,2050.00,0,0,0,0,0,0,0,0,0,0,0,0,0,0,3,0000-00-00 00:00:00,0000-00-00 00:00:00
170,3631,01-2015,1800.00,0,0,0,0,0,0,0,0,0,0,0,0,0,0,3,0000-00-00 00:00:00,0000-00-00 00:00:00
171,1546,01-2015,14028.00,0,0,0,0,0,0,0,0,0,0,0,0,0,0,4,0000-00-00 00:00:00,0000-00-00 00:00:00
172,1573,01-2015,6110.00,0,0,0,0,0,0,0,0,0,0,0,0,0,0,4,0000-00-00 00:00:00,0000-00-00 00:00:00
173,1644,01-2015,6320.00,0,0,0,0,0,0,0,0,0,0,0,0,0,0,4,0000-00-00 00:00:00,0000-00-00 00:00:00
174,1734,01-2015,12070.00,0,0,0,0,0,0,0,0,0,0,0,0,0,0,4,0000-00-00 00:00:00,0000-00-00 00:00:00
175,1762,01-2015,9359.00,0,0,0,0,0,0,0,0,0,0,0,0,0,0,4,0000-00-00 00:00:00,0000-00-00 00:00:00
176,1772,01-2015,8304.00,0,0,0,0,0,0,0,0,0,0,0,0,0,0,4,0000-00-00 00:00:00,0000-00-00 00:00:00
177,2042,01-2015,0.00,0,0,0,0,0,0,0,0,0,0,0,0,0,0,4,0000-00-00 00:00:00,0000-00-00 00:00:00
178,1830,01-2015,12070.00,0,0,0,0,0,0,0,0,0,0,0,0,0,0,4,0000-00-00 00:00:00,0000-00-00 00:00:00
179,2138,01-2015,2150.00,0,0,0,0,0,0,0,0,0,0,0,0,0,0,4,0000-00-00 00:00:00,0000-00-00 00:00:00
180,2339,01-2015,9340.00,0,0,0,0,0,0,0,0,0,0,0,0,0,0,4,0000-00-00 00:00:00,0000-00-00 00:00:00
181,2374,01-2015,4660.00,0,0,0,0,0,0,0,0,0,0,0,0,0,0,4,0000-00-00 00:00:00,0000-00-00 00:00:00
182,2396,01-2015,4360.00,0,0,0,0,0,0,0,0,0,0,0,0,0,0,4,0000-00-00 00:00:00,0000-00-00 00:00:00
183,2702,01-2015,7510.00,0,0,0,0,0,0,0,0,0,0,0,0,0,0,4,0000-00-00 00:00:00,0000-00-00 00:00:00
184,2405,01-2015,6350.00,0,0,0,0,0,0,0,0,0,0,0,0,0,0,4,0000-00-00 00:00:00,0000-00-00 00:00:00
185,2708,01-2015,3200.00,0,0,0,0,0,0,0,0,0,0,0,0,0,0,4,0000-00-00 00:00:00,0000-00-00 00:00:00
186,3262,01-2015,1140.00,0,0,0,0,0,0,0,0,0,0,0,0,0,0,4,0000-00-00 00:00:00,0000-00-00 00:00:00
187,3265,01-2015,3450.00,0,0,0,0,0,0,0,0,0,0,0,0,0,0,4,0000-00-00 00:00:00,0000-00-00 00:00:00
188,3266,01-2015,1870.00,0,0,0,0,0,0,0,0,0,0,0,0,0,0,4,0000-00-00 00:00:00,0000-00-00 00:00:00
189,3268,01-2015,1970.00,0,0,0,0,0,0,0,0,0,0,0,0,0,0,4,0000-00-00 00:00:00,0000-00-00 00:00:00
190,3284,01-2015,1480.00,0,0,0,0,0,0,0,0,0,0,0,0,0,0,4,0000-00-00 00:00:00,0000-00-00 00:00:00
191,3490,01-2015,1680.00,0,0,0,0,0,0,0,0,0,0,0,0,0,0,4,0000-00-00 00:00:00,0000-00-00 00:00:00
192,3639,01-2015,560.00,0,0,0,0,0,0,0,0,0,0,0,0,0,0,4,0000-00-00 00:00:00,0000-00-00 00:00:00
193,3677,01-2015,670.00,0,0,0,0,0,0,0,0,0,0,0,0,0,0,4,0000-00-00 00:00:00,0000-00-00 00:00:00
194,3686,01-2015,420.00,0,0,0,0,0,0,0,0,0,0,0,0,0,0,4,0000-00-00 00:00:00,0000-00-00 00:00:00
195,1522,01-2015,8010.00,0,0,0,0,0,0,0,0,0,0,0,0,0,0,5,0000-00-00 00:00:00,0000-00-00 00:00:00
196,1631,01-2015,2980.00,0,0,0,0,0,0,0,0,0,0,0,0,0,0,5,0000-00-00 00:00:00,0000-00-00 00:00:00
197,1721,01-2015,7221.00,0,0,0,0,0,0,0,0,0,0,0,0,0,0,5,0000-00-00 00:00:00,0000-00-00 00:00:00
198,1863,01-2015,6030.00,0,0,0,0,0,0,0,0,0,0,0,0,0,0,5,0000-00-00 00:00:00,0000-00-00 00:00:00
199,2419,01-2015,420.00,0,0,0,0,0,0,0,0,0,0,0,0,0,0,5,0000-00-00 00:00:00,0000-00-00 00:00:00
200,2521,01-2015,8970.00,0,0,0,0,0,0,0,0,0,0,0,0,0,0,5,0000-00-00 00:00:00,0000-00-00 00:00:00
201,2676,01-2015,8140.00,0,0,0,0,0,0,0,0,0,0,0,0,0,0,5,0000-00-00 00:00:00,0000-00-00 00:00:00
202,2683,01-2015,5090.00,0,0,0,0,0,0,0,0,0,0,0,0,0,0,5,0000-00-00 00:00:00,0000-00-00 00:00:00
203,2839,01-2015,1230.00,0,0,0,0,0,0,0,0,0,0,0,0,0,0,5,0000-00-00 00:00:00,0000-00-00 00:00:00
204,2936,01-2015,1230.00,0,0,0,0,0,0,0,0,0,0,0,0,0,0,5,0000-00-00 00:00:00,0000-00-00 00:00:00
205,3168,01-2015,1200.00,0,0,0,0,0,0,0,0,0,0,0,0,0,0,5,0000-00-00 00:00:00,0000-00-00 00:00:00
206,3247,01-2015,1230.00,0,0,0,0,0,0,0,0,0,0,0,0,0,0,5,0000-00-00 00:00:00,0000-00-00 00:00:00
207,3274,01-2015,760.00,0,0,0,0,0,0,0,0,0,0,0,0,0,0,5,0000-00-00 00:00:00,0000-00-00 00:00:00
208,3368,01-2015,390.00,0,0,0,0,0,0,0,0,0,0,0,0,0,0,5,0000-00-00 00:00:00,0000-00-00 00:00:00
209,3369,01-2015,770.00,0,0,0,0,0,0,0,0,0,0,0,0,0,0,5,0000-00-00 00:00:00,0000-00-00 00:00:00
210,3374,01-2015,1230.00,0,0,0,0,0,0,0,0,0,0,0,0,0,0,5,0000-00-00 00:00:00,0000-00-00 00:00:00
211,3549,01-2015,770.00,0,0,0,0,0,0,0,0,0,0,0,0,0,0,5,0000-00-00 00:00:00,0000-00-00 00:00:00
212,3602,01-2015,1230.00,0,0,0,0,0,0,0,0,0,0,0,0,0,0,5,0000-00-00 00:00:00,0000-00-00 00:00:00
213,1507,01-2015,6190.00,0,0,0,0,0,0,0,0,0,0,0,0,0,0,6,0000-00-00 00:00:00,0000-00-00 00:00:00
214,1581,01-2015,6964.00,0,0,0,0,0,0,0,0,0,0,0,0,0,0,6,0000-00-00 00:00:00,0000-00-00 00:00:00
215,1642,01-2015,24200.00,0,0,0,0,0,0,0,0,0,0,0,0,0,0,6,0000-00-00 00:00:00,0000-00-00 00:00:00
216,1964,01-2015,7215.00,0,0,0,0,0,0,0,0,0,0,0,0,0,0,6,0000-00-00 00:00:00,0000-00-00 00:00:00
217,2632,01-2015,8390.00,0,0,0,0,0,0,0,0,0,0,0,0,0,0,6,0000-00-00 00:00:00,0000-00-00 00:00:00
218,2633,01-2015,5240.00,0,0,0,0,0,0,0,0,0,0,0,0,0,0,6,0000-00-00 00:00:00,0000-00-00 00:00:00
219,2634,01-2015,5240.00,0,0,0,0,0,0,0,0,0,0,0,0,0,0,6,0000-00-00 00:00:00,0000-00-00 00:00:00
220,2635,01-2015,13800.00,0,0,0,0,0,0,0,0,0,0,0,0,0,0,6,0000-00-00 00:00:00,0000-00-00 00:00:00
221,2636,01-2015,7770.00,0,0,0,0,0,0,0,0,0,0,0,0,0,0,6,0000-00-00 00:00:00,0000-00-00 00:00:00
222,2637,01-2015,4140.00,0,0,0,0,0,0,0,0,0,0,0,0,0,0,6,0000-00-00 00:00:00,0000-00-00 00:00:00
223,2638,01-2015,4140.00,0,0,0,0,0,0,0,0,0,0,0,0,0,0,6,0000-00-00 00:00:00,0000-00-00 00:00:00
224,2640,01-2015,4140.00,0,0,0,0,0,0,0,0,0,0,0,0,0,0,6,0000-00-00 00:00:00,0000-00-00 00:00:00
225,2641,01-2015,4140.00,0,0,0,0,0,0,0,0,0,0,0,0,0,0,6,0000-00-00 00:00:00,0000-00-00 00:00:00
226,2642,01-2015,4440.00,0,0,0,0,0,0,0,0,0,0,0,0,0,0,6,0000-00-00 00:00:00,0000-00-00 00:00:00
227,2643,01-2015,4140.00,0,0,0,0,0,0,0,0,0,0,0,0,0,0,6,0000-00-00 00:00:00,0000-00-00 00:00:00
228,2757,01-2015,7380.00,0,0,0,0,0,0,0,0,0,0,0,0,0,0,6,0000-00-00 00:00:00,0000-00-00 00:00:00
229,2776,01-2015,8560.00,0,0,0,0,0,0,0,0,0,0,0,0,0,0,6,0000-00-00 00:00:00,0000-00-00 00:00:00
230,2785,01-2015,5900.00,0,0,0,0,0,0,0,0,0,0,0,0,0,0,6,0000-00-00 00:00:00,0000-00-00 00:00:00
231,2795,01-2015,9810.00,0,0,0,0,0,0,0,0,0,0,0,0,0,0,6,0000-00-00 00:00:00,0000-00-00 00:00:00
232,2797,01-2015,4820.00,0,0,0,0,0,0,0,0,0,0,0,0,0,0,6,0000-00-00 00:00:00,0000-00-00 00:00:00
233,2807,01-2015,3225.00,0,0,0,0,0,0,0,0,0,0,0,0,0,0,6,0000-00-00 00:00:00,0000-00-00 00:00:00
234,2831,01-2015,510.00,0,0,0,0,0,0,0,0,0,0,0,0,0,0,6,0000-00-00 00:00:00,0000-00-00 00:00:00
235,2866,01-2015,2480.00,0,0,0,0,0,0,0,0,0,0,0,0,0,0,6,0000-00-00 00:00:00,0000-00-00 00:00:00
236,3349,01-2015,3700.00,0,0,0,0,0,0,0,0,0,0,0,0,0,0,6,0000-00-00 00:00:00,0000-00-00 00:00:00
237,3579,01-2015,2150.00,0,0,0,0,0,0,0,0,0,0,0,0,0,0,6,0000-00-00 00:00:00,0000-00-00 00:00:00
238,3607,01-2015,810.00,0,0,0,0,0,0,0,0,0,0,0,0,0,0,6,0000-00-00 00:00:00,0000-00-00 00:00:00
239,3630,01-2015,3800.00,0,0,0,0,0,0,0,0,0,0,0,0,0,0,6,0000-00-00 00:00:00,0000-00-00 00:00:00
240,1955,01-2015,14050.00,0,0,0,0,0,0,0,0,0,0,0,0,0,0,7,0000-00-00 00:00:00,0000-00-00 00:00:00
241,1978,01-2015,11800.00,0,0,0,0,0,0,0,0,0,0,0,0,0,0,7,0000-00-00 00:00:00,0000-00-00 00:00:00
242,2977,01-2015,1680.00,0,0,0,0,0,0,0,0,0,0,0,0,0,0,7,0000-00-00 00:00:00,0000-00-00 00:00:00
243,3034,01-2015,2080.00,0,0,0,0,0,0,0,0,0,0,0,0,0,0,7,0000-00-00 00:00:00,0000-00-00 00:00:00
244,3089,01-2015,2080.00,0,0,0,0,0,0,0,0,0,0,0,0,0,0,7,0000-00-00 00:00:00,0000-00-00 00:00:00
245,3104,01-2015,2080.00,0,0,0,0,0,0,0,0,0,0,0,0,0,0,7,0000-00-00 00:00:00,0000-00-00 00:00:00
246,3154,01-2015,1690.00,0,0,0,0,0,0,0,0,0,0,0,0,0,0,7,0000-00-00 00:00:00,0000-00-00 00:00:00
247,3182,01-2015,1910.00,0,0,0,0,0,0,0,0,0,0,0,0,0,0,7,0000-00-00 00:00:00,0000-00-00 00:00:00
248,3317,01-2015,3700.00,0,0,0,0,0,0,0,0,0,0,0,0,0,0,7,0000-00-00 00:00:00,0000-00-00 00:00:00
249,3425,01-2015,1480.00,0,0,0,0,0,0,0,0,0,0,0,0,0,0,7,0000-00-00 00:00:00,0000-00-00 00:00:00
250,3573,01-2015,860.00,0,0,0,0,0,0,0,0,0,0,0,0,0,0,7,0000-00-00 00:00:00,0000-00-00 00:00:00
251,1707,01-2015,24790.00,0,0,0,0,0,0,0,0,0,0,0,0,0,0,8,0000-00-00 00:00:00,0000-00-00 00:00:00
252,1957,01-2015,11090.00,0,0,0,0,0,0,0,0,0,0,0,0,0,0,8,0000-00-00 00:00:00,0000-00-00 00:00:00
253,2097,01-2015,11140.00,0,0,0,0,0,0,0,0,0,0,0,0,0,0,8,0000-00-00 00:00:00,0000-00-00 00:00:00
254,2149,01-2015,8210.00,0,0,0,0,0,0,0,0,0,0,0,0,0,0,8,0000-00-00 00:00:00,0000-00-00 00:00:00
255,2238,01-2015,5075.00,0,0,0,0,0,0,0,0,0,0,0,0,0,0,8,0000-00-00 00:00:00,0000-00-00 00:00:00
256,2358,01-2015,21660.00,0,0,0,0,0,0,0,0,0,0,0,0,0,0,8,0000-00-00 00:00:00,0000-00-00 00:00:00
257,2372,01-2015,3680.00,0,0,0,0,0,0,0,0,0,0,0,0,0,0,8,0000-00-00 00:00:00,0000-00-00 00:00:00
258,2691,01-2015,3180.00,0,0,0,0,0,0,0,0,0,0,0,0,0,0,8,0000-00-00 00:00:00,0000-00-00 00:00:00
259,2730,01-2015,3140.00,0,0,0,0,0,0,0,0,0,0,0,0,0,0,8,0000-00-00 00:00:00,0000-00-00 00:00:00
260,2857,01-2015,2480.00,0,0,0,0,0,0,0,0,0,0,0,0,0,0,8,0000-00-00 00:00:00,0000-00-00 00:00:00
261,2859,01-2015,5930.00,0,0,0,0,0,0,0,0,0,0,0,0,0,0,8,0000-00-00 00:00:00,0000-00-00 00:00:00
262,2867,01-2015,2480.00,0,0,0,0,0,0,0,0,0,0,0,0,0,0,8,0000-00-00 00:00:00,0000-00-00 00:00:00
263,2925,01-2015,840.00,0,0,0,0,0,0,0,0,0,0,0,0,0,0,8,0000-00-00 00:00:00,0000-00-00 00:00:00
264,2952,01-2015,840.00,0,0,0,0,0,0,0,0,0,0,0,0,0,0,8,0000-00-00 00:00:00,0000-00-00 00:00:00
265,3156,01-2015,2700.00,0,0,0,0,0,0,0,0,0,0,0,0,0,0,8,0000-00-00 00:00:00,0000-00-00 00:00:00
266,3453,01-2015,150.00,0,0,0,0,0,0,0,0,0,0,0,0,0,0,8,0000-00-00 00:00:00,0000-00-00 00:00:00
267,3515,01-2015,3250.00,0,0,0,0,0,0,0,0,0,0,0,0,0,0,8,0000-00-00 00:00:00,0000-00-00 00:00:00
268,3623,01-2015,1220.00,0,0,0,0,0,0,0,0,0,0,0,0,0,0,8,0000-00-00 00:00:00,0000-00-00 00:00:00
269,1648,01-2015,6210.00,0,0,0,0,0,0,0,0,0,0,0,0,0,0,9,0000-00-00 00:00:00,0000-00-00 00:00:00
270,1685,01-2015,10930.00,0,0,0,0,0,0,0,0,0,0,0,0,0,0,9,0000-00-00 00:00:00,0000-00-00 00:00:00
271,1810,01-2015,6230.00,0,0,0,0,0,0,0,0,0,0,0,0,0,0,9,0000-00-00 00:00:00,0000-00-00 00:00:00
272,1820,01-2015,17760.00,0,0,0,0,0,0,0,0,0,0,0,0,0,0,9,0000-00-00 00:00:00,0000-00-00 00:00:00
273,2013,01-2015,8170.00,0,0,0,0,0,0,0,0,0,0,0,0,0,0,9,0000-00-00 00:00:00,0000-00-00 00:00:00
274,2081,01-2015,700.00,0,0,0,0,0,0,0,0,0,0,0,0,0,0,9,0000-00-00 00:00:00,0000-00-00 00:00:00
275,2249,01-2015,2090.00,0,0,0,0,0,0,0,0,0,0,0,0,0,0,9,0000-00-00 00:00:00,0000-00-00 00:00:00
276,2312,01-2015,3900.00,0,0,0,0,0,0,0,0,0,0,0,0,0,0,9,0000-00-00 00:00:00,0000-00-00 00:00:00
277,2315,01-2015,4441.30,0,0,0,0,0,0,0,0,0,0,0,0,0,0,9,0000-00-00 00:00:00,0000-00-00 00:00:00
278,2530,01-2015,5120.00,0,0,0,0,0,0,0,0,0,0,0,0,0,0,9,0000-00-00 00:00:00,0000-00-00 00:00:00
279,2625,01-2015,7780.00,0,0,0,0,0,0,0,0,0,0,0,0,0,0,9,0000-00-00 00:00:00,0000-00-00 00:00:00
280,2799,01-2015,2580.00,0,0,0,0,0,0,0,0,0,0,0,0,0,0,9,0000-00-00 00:00:00,0000-00-00 00:00:00
281,2826,01-2015,3860.00,0,0,0,0,0,0,0,0,0,0,0,0,0,0,9,0000-00-00 00:00:00,0000-00-00 00:00:00
282,2922,01-2015,780.00,0,0,0,0,0,0,0,0,0,0,0,0,0,0,9,0000-00-00 00:00:00,0000-00-00 00:00:00
283,3001,01-2015,11270.00,0,0,0,0,0,0,0,0,0,0,0,0,0,0,9,0000-00-00 00:00:00,0000-00-00 00:00:00
284,3091,01-2015,5450.00,0,0,0,0,0,0,0,0,0,0,0,0,0,0,9,0000-00-00 00:00:00,0000-00-00 00:00:00
285,3114,01-2015,1620.00,0,0,0,0,0,0,0,0,0,0,0,0,0,0,9,0000-00-00 00:00:00,0000-00-00 00:00:00
286,3125,01-2015,510.00,0,0,0,0,0,0,0,0,0,0,0,0,0,0,9,0000-00-00 00:00:00,0000-00-00 00:00:00
287,3171,01-2015,760.00,0,0,0,0,0,0,0,0,0,0,0,0,0,0,9,0000-00-00 00:00:00,0000-00-00 00:00:00
288,3173,01-2015,760.00,0,0,0,0,0,0,0,0,0,0,0,0,0,0,9,0000-00-00 00:00:00,0000-00-00 00:00:00
289,3179,01-2015,2340.00,0,0,0,0,0,0,0,0,0,0,0,0,0,0,9,0000-00-00 00:00:00,0000-00-00 00:00:00
290,3217,01-2015,760.00,0,0,0,0,0,0,0,0,0,0,0,0,0,0,9,0000-00-00 00:00:00,0000-00-00 00:00:00
291,3240,01-2015,860.00,0,0,0,0,0,0,0,0,0,0,0,0,0,0,9,0000-00-00 00:00:00,0000-00-00 00:00:00
292,3270,01-2015,760.00,0,0,0,0,0,0,0,0,0,0,0,0,0,0,9,0000-00-00 00:00:00,0000-00-00 00:00:00
293,3456,01-2015,2260.00,0,0,0,0,0,0,0,0,0,0,0,0,0,0,9,0000-00-00 00:00:00,0000-00-00 00:00:00
294,3528,01-2015,760.00,0,0,0,0,0,0,0,0,0,0,0,0,0,0,9,0000-00-00 00:00:00,0000-00-00 00:00:00
295,3566,01-2015,760.00,0,0,0,0,0,0,0,0,0,0,0,0,0,0,9,0000-00-00 00:00:00,0000-00-00 00:00:00
296,3675,01-2015,760.00,0,0,0,0,0,0,0,0,0,0,0,0,0,0,9,0000-00-00 00:00:00,0000-00-00 00:00:00
297,2242,01-2015,14970.00,0,0,0,0,0,0,0,0,0,0,0,0,0,0,10,0000-00-00 00:00:00,0000-00-00 00:00:00
298,2680,01-2015,9170.00,0,0,0,0,0,0,0,0,0,0,0,0,0,0,10,0000-00-00 00:00:00,0000-00-00 00:00:00
299,2695,01-2015,3210.00,0,0,0,0,0,0,0,0,0,0,0,0,0,0,10,0000-00-00 00:00:00,0000-00-00 00:00:00
300,2949,01-2015,180.00,0,0,0,0,0,0,0,0,0,0,0,0,0,0,10,0000-00-00 00:00:00,0000-00-00 00:00:00
301,701,01-2015,5520.00,0,0,0,0,0,0,0,0,0,0,0,0,0,0,11,0000-00-00 00:00:00,0000-00-00 00:00:00
302,1537,01-2015,9035.00,0,0,0,0,0,0,0,0,0,0,0,0,0,0,11,0000-00-00 00:00:00,0000-00-00 00:00:00
303,1598,01-2015,6200.00,0,0,0,0,0,0,0,0,0,0,0,0,0,0,11,0000-00-00 00:00:00,0000-00-00 00:00:00
304,1674,01-2015,8910.00,0,0,0,0,0,0,0,0,0,0,0,0,0,0,11,0000-00-00 00:00:00,0000-00-00 00:00:00
305,1962,01-2015,5296.00,0,0,0,0,0,0,0,0,0,0,0,0,0,0,11,0000-00-00 00:00:00,0000-00-00 00:00:00
306,2125,01-2015,6120.00,0,0,0,0,0,0,0,0,0,0,0,0,0,0,11,0000-00-00 00:00:00,0000-00-00 00:00:00
307,2176,01-2015,6660.00,0,0,0,0,0,0,0,0,0,0,0,0,0,0,11,0000-00-00 00:00:00,0000-00-00 00:00:00
308,2196,01-2015,16610.00,0,0,0,0,0,0,0,0,0,0,0,0,0,0,11,0000-00-00 00:00:00,0000-00-00 00:00:00
309,2336,01-2015,5440.00,0,0,0,0,0,0,0,0,0,0,0,0,0,0,11,0000-00-00 00:00:00,0000-00-00 00:00:00
310,2344,01-2015,8430.00,0,0,0,0,0,0,0,0,0,0,0,0,0,0,11,0000-00-00 00:00:00,0000-00-00 00:00:00
311,2347,01-2015,4800.00,0,0,0,0,0,0,0,0,0,0,0,0,0,0,11,0000-00-00 00:00:00,0000-00-00 00:00:00
312,2353,01-2015,8430.00,0,0,0,0,0,0,0,0,0,0,0,0,0,0,11,0000-00-00 00:00:00,0000-00-00 00:00:00
313,2360,01-2015,8430.00,0,0,0,0,0,0,0,0,0,0,0,0,0,0,11,0000-00-00 00:00:00,0000-00-00 00:00:00
314,2389,01-2015,4510.00,0,0,0,0,0,0,0,0,0,0,0,0,0,0,11,0000-00-00 00:00:00,0000-00-00 00:00:00
315,2390,01-2015,5970.00,0,0,0,0,0,0,0,0,0,0,0,0,0,0,11,0000-00-00 00:00:00,0000-00-00 00:00:00
316,2403,01-2015,4080.00,0,0,0,0,0,0,0,0,0,0,0,0,0,0,11,0000-00-00 00:00:00,0000-00-00 00:00:00
317,2406,01-2015,5580.00,0,0,0,0,0,0,0,0,0,0,0,0,0,0,11,0000-00-00 00:00:00,0000-00-00 00:00:00
318,2613,01-2015,4080.00,0,0,0,0,0,0,0,0,0,0,0,0,0,0,11,0000-00-00 00:00:00,0000-00-00 00:00:00
319,2671,01-2015,5620.00,0,0,0,0,0,0,0,0,0,0,0,0,0,0,11,0000-00-00 00:00:00,0000-00-00 00:00:00
320,2731,01-2015,4800.00,0,0,0,0,0,0,0,0,0,0,0,0,0,0,11,0000-00-00 00:00:00,0000-00-00 00:00:00
321,2842,01-2015,2480.00,0,0,0,0,0,0,0,0,0,0,0,0,0,0,11,0000-00-00 00:00:00,0000-00-00 00:00:00
322,2850,01-2015,2480.00,0,0,0,0,0,0,0,0,0,0,0,0,0,0,11,0000-00-00 00:00:00,0000-00-00 00:00:00
323,2852,01-2015,2650.00,0,0,0,0,0,0,0,0,0,0,0,0,0,0,11,0000-00-00 00:00:00,0000-00-00 00:00:00
324,2871,01-2015,2480.00,0,0,0,0,0,0,0,0,0,0,0,0,0,0,11,0000-00-00 00:00:00,0000-00-00 00:00:00
325,2892,01-2015,2480.00,0,0,0,0,0,0,0,0,0,0,0,0,0,0,11,0000-00-00 00:00:00,0000-00-00 00:00:00
326,2894,01-2015,2480.00,0,0,0,0,0,0,0,0,0,0,0,0,0,0,11,0000-00-00 00:00:00,0000-00-00 00:00:00
327,2988,01-2015,480.00,0,0,0,0,0,0,0,0,0,0,0,0,0,0,11,0000-00-00 00:00:00,0000-00-00 00:00:00
328,3080,01-2015,2180.00,0,0,0,0,0,0,0,0,0,0,0,0,0,0,11,0000-00-00 00:00:00,0000-00-00 00:00:00
329,3210,01-2015,4500.00,0,0,0,0,0,0,0,0,0,0,0,0,0,0,11,0000-00-00 00:00:00,0000-00-00 00:00:00
330,3212,01-2015,2700.00,0,0,0,0,0,0,0,0,0,0,0,0,0,0,11,0000-00-00 00:00:00,0000-00-00 00:00:00
331,3213,01-2015,4500.00,0,0,0,0,0,0,0,0,0,0,0,0,0,0,11,0000-00-00 00:00:00,0000-00-00 00:00:00
332,3216,01-2015,2690.00,0,0,0,0,0,0,0,0,0,0,0,0,0,0,11,0000-00-00 00:00:00,0000-00-00 00:00:00
333,3387,01-2015,500.00,0,0,0,0,0,0,0,0,0,0,0,0,0,0,11,0000-00-00 00:00:00,0000-00-00 00:00:00
334,3401,01-2015,950.00,0,0,0,0,0,0,0,0,0,0,0,0,0,0,11,0000-00-00 00:00:00,0000-00-00 00:00:00
335,3450,01-2015,2100.00,0,0,0,0,0,0,0,0,0,0,0,0,0,0,11,0000-00-00 00:00:00,0000-00-00 00:00:00
336,3513,01-2015,1950.00,0,0,0,0,0,0,0,0,0,0,0,0,0,0,11,0000-00-00 00:00:00,0000-00-00 00:00:00
337,3547,01-2015,1120.00,0,0,0,0,0,0,0,0,0,0,0,0,0,0,11,0000-00-00 00:00:00,0000-00-00 00:00:00
338,3562,01-2015,7100.00,0,0,0,0,0,0,0,0,0,0,0,0,0,0,11,0000-00-00 00:00:00,0000-00-00 00:00:00
339,3618,01-2015,500.00,0,0,0,0,0,0,0,0,0,0,0,0,0,0,11,0000-00-00 00:00:00,0000-00-00 00:00:00
340,3641,01-2015,1350.00,0,0,0,0,0,0,0,0,0,0,0,0,0,0,11,0000-00-00 00:00:00,0000-00-00 00:00:00
341,3644,01-2015,1800.00,0,0,0,0,0,0,0,0,0,0,0,0,0,0,11,0000-00-00 00:00:00,0000-00-00 00:00:00
342,3667,01-2015,720.00,0,0,0,0,0,0,0,0,0,0,0,0,0,0,11,0000-00-00 00:00:00,0000-00-00 00:00:00
343,1391,01-2015,7289.00,0,0,0,0,0,0,0,0,0,0,0,0,0,0,12,0000-00-00 00:00:00,0000-00-00 00:00:00
344,1683,01-2015,7120.00,0,0,0,0,0,0,0,0,0,0,0,0,0,0,12,0000-00-00 00:00:00,0000-00-00 00:00:00
345,1709,01-2015,8239.20,0,0,0,0,0,0,0,0,0,0,0,0,0,0,12,0000-00-00 00:00:00,0000-00-00 00:00:00
346,1969,01-2015,0.00,0,0,0,0,0,0,0,0,0,0,0,0,0,0,12,0000-00-00 00:00:00,0000-00-00 00:00:00
347,1993,01-2015,8410.00,0,0,0,0,0,0,0,0,0,0,0,0,0,0,12,0000-00-00 00:00:00,0000-00-00 00:00:00
348,2009,01-2015,8641.00,0,0,0,0,0,0,0,0,0,0,0,0,0,0,12,0000-00-00 00:00:00,0000-00-00 00:00:00
349,2060,01-2015,7407.00,0,0,0,0,0,0,0,0,0,0,0,0,0,0,12,0000-00-00 00:00:00,0000-00-00 00:00:00
350,2079,01-2015,6060.00,0,0,0,0,0,0,0,0,0,0,0,0,0,0,12,0000-00-00 00:00:00,0000-00-00 00:00:00
351,2087,01-2015,4080.00,0,0,0,0,0,0,0,0,0,0,0,0,0,0,12,0000-00-00 00:00:00,0000-00-00 00:00:00
352,2088,01-2015,4790.00,0,0,0,0,0,0,0,0,0,0,0,0,0,0,12,0000-00-00 00:00:00,0000-00-00 00:00:00
353,2105,01-2015,5100.00,0,0,0,0,0,0,0,0,0,0,0,0,0,0,12,0000-00-00 00:00:00,0000-00-00 00:00:00
354,2166,01-2015,2050.00,0,0,0,0,0,0,0,0,0,0,0,0,0,0,12,0000-00-00 00:00:00,0000-00-00 00:00:00
355,2195,01-2015,7843.00,0,0,0,0,0,0,0,0,0,0,0,0,0,0,12,0000-00-00 00:00:00,0000-00-00 00:00:00
356,2215,01-2015,7900.00,0,0,0,0,0,0,0,0,0,0,0,0,0,0,12,0000-00-00 00:00:00,0000-00-00 00:00:00
357,2261,01-2015,10880.00,0,0,0,0,0,0,0,0,0,0,0,0,0,0,12,0000-00-00 00:00:00,0000-00-00 00:00:00
358,2275,01-2015,5625.00,0,0,0,0,0,0,0,0,0,0,0,0,0,0,12,0000-00-00 00:00:00,0000-00-00 00:00:00
359,2280,01-2015,20960.00,0,0,0,0,0,0,0,0,0,0,0,0,0,0,12,0000-00-00 00:00:00,0000-00-00 00:00:00
360,2299,01-2015,20290.00,0,0,0,0,0,0,0,0,0,0,0,0,0,0,12,0000-00-00 00:00:00,0000-00-00 00:00:00
361,2337,01-2015,5630.00,0,0,0,0,0,0,0,0,0,0,0,0,0,0,12,0000-00-00 00:00:00,0000-00-00 00:00:00
362,2350,01-2015,5669.00,0,0,0,0,0,0,0,0,0,0,0,0,0,0,12,0000-00-00 00:00:00,0000-00-00 00:00:00
363,2351,01-2015,5589.00,0,0,0,0,0,0,0,0,0,0,0,0,0,0,12,0000-00-00 00:00:00,0000-00-00 00:00:00
364,2352,01-2015,7070.00,0,0,0,0,0,0,0,0,0,0,0,0,0,0,12,0000-00-00 00:00:00,0000-00-00 00:00:00
365,2383,01-2015,7480.00,0,0,0,0,0,0,0,0,0,0,0,0,0,0,12,0000-00-00 00:00:00,0000-00-00 00:00:00
366,2404,01-2015,5216.00,0,0,0,0,0,0,0,0,0,0,0,0,0,0,12,0000-00-00 00:00:00,0000-00-00 00:00:00
367,2437,01-2015,4740.00,0,0,0,0,0,0,0,0,0,0,0,0,0,0,12,0000-00-00 00:00:00,0000-00-00 00:00:00
368,2497,01-2015,5630.00,0,0,0,0,0,0,0,0,0,0,0,0,0,0,12,0000-00-00 00:00:00,0000-00-00 00:00:00
369,2499,01-2015,6020.00,0,0,0,0,0,0,0,0,0,0,0,0,0,0,12,0000-00-00 00:00:00,0000-00-00 00:00:00
370,2502,01-2015,1900.00,0,0,0,0,0,0,0,0,0,0,0,0,0,0,12,0000-00-00 00:00:00,0000-00-00 00:00:00
371,2515,01-2015,3900.00,0,0,0,0,0,0,0,0,0,0,0,0,0,0,12,0000-00-00 00:00:00,0000-00-00 00:00:00
372,2517,01-2015,2700.00,0,0,0,0,0,0,0,0,0,0,0,0,0,0,12,0000-00-00 00:00:00,0000-00-00 00:00:00
373,2552,01-2015,4080.00,0,0,0,0,0,0,0,0,0,0,0,0,0,0,12,0000-00-00 00:00:00,0000-00-00 00:00:00
374,2559,01-2015,5380.00,0,0,0,0,0,0,0,0,0,0,0,0,0,0,12,0000-00-00 00:00:00,0000-00-00 00:00:00
375,2563,01-2015,3140.00,0,0,0,0,0,0,0,0,0,0,0,0,0,0,12,0000-00-00 00:00:00,0000-00-00 00:00:00
376,2578,01-2015,4150.00,0,0,0,0,0,0,0,0,0,0,0,0,0,0,12,0000-00-00 00:00:00,0000-00-00 00:00:00
377,2661,01-2015,12740.00,0,0,0,0,0,0,0,0,0,0,0,0,0,0,12,0000-00-00 00:00:00,0000-00-00 00:00:00
378,2665,01-2015,6500.00,0,0,0,0,0,0,0,0,0,0,0,0,0,0,12,0000-00-00 00:00:00,0000-00-00 00:00:00
379,2706,01-2015,5510.00,0,0,0,0,0,0,0,0,0,0,0,0,0,0,12,0000-00-00 00:00:00,0000-00-00 00:00:00
380,2713,01-2015,3200.00,0,0,0,0,0,0,0,0,0,0,0,0,0,0,12,0000-00-00 00:00:00,0000-00-00 00:00:00
381,2717,01-2015,3200.00,0,0,0,0,0,0,0,0,0,0,0,0,0,0,12,0000-00-00 00:00:00,0000-00-00 00:00:00
382,2721,01-2015,3540.00,0,0,0,0,0,0,0,0,0,0,0,0,0,0,12,0000-00-00 00:00:00,0000-00-00 00:00:00
383,2769,01-2015,5730.00,0,0,0,0,0,0,0,0,0,0,0,0,0,0,12,0000-00-00 00:00:00,0000-00-00 00:00:00
384,2820,01-2015,6390.00,0,0,0,0,0,0,0,0,0,0,0,0,0,0,12,0000-00-00 00:00:00,0000-00-00 00:00:00
385,2843,01-2015,5060.00,0,0,0,0,0,0,0,0,0,0,0,0,0,0,12,0000-00-00 00:00:00,0000-00-00 00:00:00
386,2910,01-2015,3510.00,0,0,0,0,0,0,0,0,0,0,0,0,0,0,12,0000-00-00 00:00:00,0000-00-00 00:00:00
387,2911,01-2015,3510.00,0,0,0,0,0,0,0,0,0,0,0,0,0,0,12,0000-00-00 00:00:00,0000-00-00 00:00:00
388,2915,01-2015,3450.00,0,0,0,0,0,0,0,0,0,0,0,0,0,0,12,0000-00-00 00:00:00,0000-00-00 00:00:00
389,2919,01-2015,3690.00,0,0,0,0,0,0,0,0,0,0,0,0,0,0,12,0000-00-00 00:00:00,0000-00-00 00:00:00
390,2946,01-2015,2180.00,0,0,0,0,0,0,0,0,0,0,0,0,0,0,12,0000-00-00 00:00:00,0000-00-00 00:00:00
391,2950,01-2015,5060.00,0,0,0,0,0,0,0,0,0,0,0,0,0,0,12,0000-00-00 00:00:00,0000-00-00 00:00:00
392,2961,01-2015,270.00,0,0,0,0,0,0,0,0,0,0,0,0,0,0,12,0000-00-00 00:00:00,0000-00-00 00:00:00
393,2965,01-2015,5150.00,0,0,0,0,0,0,0,0,0,0,0,0,0,0,12,0000-00-00 00:00:00,0000-00-00 00:00:00
394,3062,01-2015,3150.00,0,0,0,0,0,0,0,0,0,0,0,0,0,0,12,0000-00-00 00:00:00,0000-00-00 00:00:00
395,3064,01-2015,3980.00,0,0,0,0,0,0,0,0,0,0,0,0,0,0,12,0000-00-00 00:00:00,0000-00-00 00:00:00
396,3072,01-2015,3120.00,0,0,0,0,0,0,0,0,0,0,0,0,0,0,12,0000-00-00 00:00:00,0000-00-00 00:00:00
397,3076,01-2015,2180.00,0,0,0,0,0,0,0,0,0,0,0,0,0,0,12,0000-00-00 00:00:00,0000-00-00 00:00:00
398,3081,01-2015,2180.00,0,0,0,0,0,0,0,0,0,0,0,0,0,0,12,0000-00-00 00:00:00,0000-00-00 00:00:00
399,3096,01-2015,2080.00,0,0,0,0,0,0,0,0,0,0,0,0,0,0,12,0000-00-00 00:00:00,0000-00-00 00:00:00
400,3174,01-2015,2020.00,0,0,0,0,0,0,0,0,0,0,0,0,0,0,12,0000-00-00 00:00:00,0000-00-00 00:00:00
401,3180,01-2015,100.00,0,0,0,0,0,0,0,0,0,0,0,0,0,0,12,0000-00-00 00:00:00,0000-00-00 00:00:00
402,3198,01-2015,4450.00,0,0,0,0,0,0,0,0,0,0,0,0,0,0,12,0000-00-00 00:00:00,0000-00-00 00:00:00
403,3199,01-2015,4500.00,0,0,0,0,0,0,0,0,0,0,0,0,0,0,12,0000-00-00 00:00:00,0000-00-00 00:00:00
404,3202,01-2015,2430.00,0,0,0,0,0,0,0,0,0,0,0,0,0,0,12,0000-00-00 00:00:00,0000-00-00 00:00:00
405,3207,01-2015,1800.00,0,0,0,0,0,0,0,0,0,0,0,0,0,0,12,0000-00-00 00:00:00,0000-00-00 00:00:00
406,3208,01-2015,1800.00,0,0,0,0,0,0,0,0,0,0,0,0,0,0,12,0000-00-00 00:00:00,0000-00-00 00:00:00
407,3279,01-2015,2370.00,0,0,0,0,0,0,0,0,0,0,0,0,0,0,12,0000-00-00 00:00:00,0000-00-00 00:00:00
408,3281,01-2015,4200.00,0,0,0,0,0,0,0,0,0,0,0,0,0,0,12,0000-00-00 00:00:00,0000-00-00 00:00:00
409,3302,01-2015,1880.00,0,0,0,0,0,0,0,0,0,0,0,0,0,0,12,0000-00-00 00:00:00,0000-00-00 00:00:00
410,3315,01-2015,90.00,0,0,0,0,0,0,0,0,0,0,0,0,0,0,12,0000-00-00 00:00:00,0000-00-00 00:00:00
411,3439,01-2015,1480.00,0,0,0,0,0,0,0,0,0,0,0,0,0,0,12,0000-00-00 00:00:00,0000-00-00 00:00:00
412,3449,01-2015,1480.00,0,0,0,0,0,0,0,0,0,0,0,0,0,0,12,0000-00-00 00:00:00,0000-00-00 00:00:00
413,3454,01-2015,1480.00,0,0,0,0,0,0,0,0,0,0,0,0,0,0,12,0000-00-00 00:00:00,0000-00-00 00:00:00
414,3506,01-2015,1950.00,0,0,0,0,0,0,0,0,0,0,0,0,0,0,12,0000-00-00 00:00:00,0000-00-00 00:00:00
415,3532,01-2015,1680.00,0,0,0,0,0,0,0,0,0,0,0,0,0,0,12,0000-00-00 00:00:00,0000-00-00 00:00:00
416,3543,01-2015,1300.00,0,0,0,0,0,0,0,0,0,0,0,0,0,0,12,0000-00-00 00:00:00,0000-00-00 00:00:00
417,2611,01-2015,1080.00,0,0,0,0,0,0,0,0,0,0,0,0,0,0,12,0000-00-00 00:00:00,0000-00-00 00:00:00
418,3646,01-2015,270.00,0,0,0,0,0,0,0,0,0,0,0,0,0,0,12,0000-00-00 00:00:00,0000-00-00 00:00:00
419,1508,01-2015,7166.18,0,0,0,0,0,0,0,0,0,0,0,0,0,0,13,0000-00-00 00:00:00,0000-00-00 00:00:00
420,1548,01-2015,63765.00,0,0,0,0,0,0,0,0,0,0,0,0,0,0,13,0000-00-00 00:00:00,0000-00-00 00:00:00
421,1569,01-2015,0.00,0,0,0,0,0,0,0,0,0,0,0,0,0,0,13,0000-00-00 00:00:00,0000-00-00 00:00:00
422,1586,01-2015,5790.00,0,0,0,0,0,0,0,0,0,0,0,0,0,0,13,0000-00-00 00:00:00,0000-00-00 00:00:00
423,1615,01-2015,17723.00,0,0,0,0,0,0,0,0,0,0,0,0,0,0,13,0000-00-00 00:00:00,0000-00-00 00:00:00
424,1672,01-2015,18980.00,0,0,0,0,0,0,0,0,0,0,0,0,0,0,13,0000-00-00 00:00:00,0000-00-00 00:00:00
425,1788,01-2015,7220.00,0,0,0,0,0,0,0,0,0,0,0,0,0,0,13,0000-00-00 00:00:00,0000-00-00 00:00:00
426,1886,01-2015,4910.00,0,0,0,0,0,0,0,0,0,0,0,0,0,0,13,0000-00-00 00:00:00,0000-00-00 00:00:00
427,1933,01-2015,7530.00,0,0,0,0,0,0,0,0,0,0,0,0,0,0,13,0000-00-00 00:00:00,0000-00-00 00:00:00
428,1957,01-2015,0.00,0,0,0,0,0,0,0,0,0,0,0,0,0,0,13,0000-00-00 00:00:00,0000-00-00 00:00:00
429,1966,01-2015,7540.00,0,0,0,0,0,0,0,0,0,0,0,0,0,0,13,0000-00-00 00:00:00,0000-00-00 00:00:00
430,1982,01-2015,7492.00,0,0,0,0,0,0,0,0,0,0,0,0,0,0,13,0000-00-00 00:00:00,0000-00-00 00:00:00
431,1995,01-2015,6925.00,0,0,0,0,0,0,0,0,0,0,0,0,0,0,13,0000-00-00 00:00:00,0000-00-00 00:00:00
432,1998,01-2015,12930.00,0,0,0,0,0,0,0,0,0,0,0,0,0,0,13,0000-00-00 00:00:00,0000-00-00 00:00:00
433,2021,01-2015,6990.00,0,0,0,0,0,0,0,0,0,0,0,0,0,0,13,0000-00-00 00:00:00,0000-00-00 00:00:00
434,2049,01-2015,7220.00,0,0,0,0,0,0,0,0,0,0,0,0,0,0,13,0000-00-00 00:00:00,0000-00-00 00:00:00
435,2102,01-2015,12688.00,0,0,0,0,0,0,0,0,0,0,0,0,0,0,13,0000-00-00 00:00:00,0000-00-00 00:00:00
436,2175,01-2015,6960.00,0,0,0,0,0,0,0,0,0,0,0,0,0,0,13,0000-00-00 00:00:00,0000-00-00 00:00:00
437,2197,01-2015,8780.00,0,0,0,0,0,0,0,0,0,0,0,0,0,0,13,0000-00-00 00:00:00,0000-00-00 00:00:00
438,2210,01-2015,5480.00,0,0,0,0,0,0,0,0,0,0,0,0,0,0,13,0000-00-00 00:00:00,0000-00-00 00:00:00
439,2270,01-2015,33560.00,0,0,0,0,0,0,0,0,0,0,0,0,0,0,13,0000-00-00 00:00:00,0000-00-00 00:00:00
440,2288,01-2015,4620.00,0,0,0,0,0,0,0,0,0,0,0,0,0,0,13,0000-00-00 00:00:00,0000-00-00 00:00:00
441,2301,01-2015,5820.00,0,0,0,0,0,0,0,0,0,0,0,0,0,0,13,0000-00-00 00:00:00,0000-00-00 00:00:00
442,2304,01-2015,6840.00,0,0,0,0,0,0,0,0,0,0,0,0,0,0,13,0000-00-00 00:00:00,0000-00-00 00:00:00
443,2327,01-2015,9930.00,0,0,0,0,0,0,0,0,0,0,0,0,0,0,13,0000-00-00 00:00:00,0000-00-00 00:00:00
444,2341,01-2015,4050.00,0,0,0,0,0,0,0,0,0,0,0,0,0,0,13,0000-00-00 00:00:00,0000-00-00 00:00:00
445,2342,01-2015,5600.00,0,0,0,0,0,0,0,0,0,0,0,0,0,0,13,0000-00-00 00:00:00,0000-00-00 00:00:00
446,2359,01-2015,6100.00,0,0,0,0,0,0,0,0,0,0,0,0,0,0,13,0000-00-00 00:00:00,0000-00-00 00:00:00
447,2362,01-2015,8400.00,0,0,0,0,0,0,0,0,0,0,0,0,0,0,13,0000-00-00 00:00:00,0000-00-00 00:00:00
448,2408,01-2015,4260.00,0,0,0,0,0,0,0,0,0,0,0,0,0,0,13,0000-00-00 00:00:00,0000-00-00 00:00:00
449,2422,01-2015, -   ,0,0,0,0,0,0,0,0,0,0,0,0,0,0,13,0000-00-00 00:00:00,0000-00-00 00:00:00
450,2442,01-2015,9830.00,0,0,0,0,0,0,0,0,0,0,0,0,0,0,13,0000-00-00 00:00:00,0000-00-00 00:00:00
451,2460,01-2015,6150.00,0,0,0,0,0,0,0,0,0,0,0,0,0,0,13,0000-00-00 00:00:00,0000-00-00 00:00:00
452,2461,01-2015,10260.00,0,0,0,0,0,0,0,0,0,0,0,0,0,0,13,0000-00-00 00:00:00,0000-00-00 00:00:00
453,2462,01-2015,7450.00,0,0,0,0,0,0,0,0,0,0,0,0,0,0,13,0000-00-00 00:00:00,0000-00-00 00:00:00
454,2463,01-2015,4400.00,0,0,0,0,0,0,0,0,0,0,0,0,0,0,13,0000-00-00 00:00:00,0000-00-00 00:00:00
455,2482,01-2015,10060.00,0,0,0,0,0,0,0,0,0,0,0,0,0,0,13,0000-00-00 00:00:00,0000-00-00 00:00:00
456,2486,01-2015,8640.00,0,0,0,0,0,0,0,0,0,0,0,0,0,0,13,0000-00-00 00:00:00,0000-00-00 00:00:00
457,2579,01-2015,5420.00,0,0,0,0,0,0,0,0,0,0,0,0,0,0,13,0000-00-00 00:00:00,0000-00-00 00:00:00
458,2580,01-2015,9930.00,0,0,0,0,0,0,0,0,0,0,0,0,0,0,13,0000-00-00 00:00:00,0000-00-00 00:00:00
459,2580,01-2015,13840.00,0,0,0,0,0,0,0,0,0,0,0,0,0,0,13,0000-00-00 00:00:00,0000-00-00 00:00:00
460,2582,01-2015,4440.00,0,0,0,0,0,0,0,0,0,0,0,0,0,0,13,0000-00-00 00:00:00,0000-00-00 00:00:00
461,2583,01-2015,4440.00,0,0,0,0,0,0,0,0,0,0,0,0,0,0,13,0000-00-00 00:00:00,0000-00-00 00:00:00
462,2584,01-2015,6220.00,0,0,0,0,0,0,0,0,0,0,0,0,0,0,13,0000-00-00 00:00:00,0000-00-00 00:00:00
463,2585,01-2015,10280.00,0,0,0,0,0,0,0,0,0,0,0,0,0,0,13,0000-00-00 00:00:00,0000-00-00 00:00:00
464,2587,01-2015,6090.00,0,0,0,0,0,0,0,0,0,0,0,0,0,0,13,0000-00-00 00:00:00,0000-00-00 00:00:00
465,2588,01-2015,11730.00,0,0,0,0,0,0,0,0,0,0,0,0,0,0,13,0000-00-00 00:00:00,0000-00-00 00:00:00
466,2589,01-2015,5050.00,0,0,0,0,0,0,0,0,0,0,0,0,0,0,13,0000-00-00 00:00:00,0000-00-00 00:00:00
467,2591,01-2015,18800.00,0,0,0,0,0,0,0,0,0,0,0,0,0,0,13,0000-00-00 00:00:00,0000-00-00 00:00:00
468,2592,01-2015,17200.00,0,0,0,0,0,0,0,0,0,0,0,0,0,0,13,0000-00-00 00:00:00,0000-00-00 00:00:00
469,2593,01-2015,9340.00,0,0,0,0,0,0,0,0,0,0,0,0,0,0,13,0000-00-00 00:00:00,0000-00-00 00:00:00
470,2663,01-2015,4140.00,0,0,0,0,0,0,0,0,0,0,0,0,0,0,13,0000-00-00 00:00:00,0000-00-00 00:00:00
471,2674,01-2015,6110.00,0,0,0,0,0,0,0,0,0,0,0,0,0,0,13,0000-00-00 00:00:00,0000-00-00 00:00:00
472,2688,01-2015,4890.00,0,0,0,0,0,0,0,0,0,0,0,0,0,0,13,0000-00-00 00:00:00,0000-00-00 00:00:00
473,2694,01-2015,1800.00,0,0,0,0,0,0,0,0,0,0,0,0,0,0,13,0000-00-00 00:00:00,0000-00-00 00:00:00
474,2700,01-2015,2960.00,0,0,0,0,0,0,0,0,0,0,0,0,0,0,13,0000-00-00 00:00:00,0000-00-00 00:00:00
475,2701,01-2015,4800.00,0,0,0,0,0,0,0,0,0,0,0,0,0,0,13,0000-00-00 00:00:00,0000-00-00 00:00:00
476,2707,01-2015,4710.00,0,0,0,0,0,0,0,0,0,0,0,0,0,0,13,0000-00-00 00:00:00,0000-00-00 00:00:00
477,2725,01-2015,5930.00,0,0,0,0,0,0,0,0,0,0,0,0,0,0,13,0000-00-00 00:00:00,0000-00-00 00:00:00
478,2727,01-2015,4120.00,0,0,0,0,0,0,0,0,0,0,0,0,0,0,13,0000-00-00 00:00:00,0000-00-00 00:00:00
479,2740,01-2015,3010.00,0,0,0,0,0,0,0,0,0,0,0,0,0,0,13,0000-00-00 00:00:00,0000-00-00 00:00:00
480,2742,01-2015,7450.00,0,0,0,0,0,0,0,0,0,0,0,0,0,0,13,0000-00-00 00:00:00,0000-00-00 00:00:00
481,2755,01-2015,6870.00,0,0,0,0,0,0,0,0,0,0,0,0,0,0,13,0000-00-00 00:00:00,0000-00-00 00:00:00
482,2759,01-2015,4230.00,0,0,0,0,0,0,0,0,0,0,0,0,0,0,13,0000-00-00 00:00:00,0000-00-00 00:00:00
483,2763,01-2015,4150.00,0,0,0,0,0,0,0,0,0,0,0,0,0,0,13,0000-00-00 00:00:00,0000-00-00 00:00:00
484,2770,01-2015,6210.00,0,0,0,0,0,0,0,0,0,0,0,0,0,0,13,0000-00-00 00:00:00,0000-00-00 00:00:00
485,2771,01-2015,3870.00,0,0,0,0,0,0,0,0,0,0,0,0,0,0,13,0000-00-00 00:00:00,0000-00-00 00:00:00
486,2773,01-2015,6450.00,0,0,0,0,0,0,0,0,0,0,0,0,0,0,13,0000-00-00 00:00:00,0000-00-00 00:00:00
487,2775,01-2015,300.00,0,0,0,0,0,0,0,0,0,0,0,0,0,0,13,0000-00-00 00:00:00,0000-00-00 00:00:00
488,2778,01-2015,10590.00,0,0,0,0,0,0,0,0,0,0,0,0,0,0,13,0000-00-00 00:00:00,0000-00-00 00:00:00
489,2808,01-2015,4250.00,0,0,0,0,0,0,0,0,0,0,0,0,0,0,13,0000-00-00 00:00:00,0000-00-00 00:00:00
490,2812,01-2015,5010.00,0,0,0,0,0,0,0,0,0,0,0,0,0,0,13,0000-00-00 00:00:00,0000-00-00 00:00:00
491,2813,01-2015,0.00,0,0,0,0,0,0,0,0,0,0,0,0,0,0,13,0000-00-00 00:00:00,0000-00-00 00:00:00
492,2817,01-2015,6280.00,0,0,0,0,0,0,0,0,0,0,0,0,0,0,13,0000-00-00 00:00:00,0000-00-00 00:00:00
493,2832,01-2015,1600.00,0,0,0,0,0,0,0,0,0,0,0,0,0,0,13,0000-00-00 00:00:00,0000-00-00 00:00:00
494,2849,01-2015,2480.00,0,0,0,0,0,0,0,0,0,0,0,0,0,0,13,0000-00-00 00:00:00,0000-00-00 00:00:00
495,2853,01-2015,8180.00,0,0,0,0,0,0,0,0,0,0,0,0,0,0,13,0000-00-00 00:00:00,0000-00-00 00:00:00
496,2854,01-2015,2480.00,0,0,0,0,0,0,0,0,0,0,0,0,0,0,13,0000-00-00 00:00:00,0000-00-00 00:00:00
497,2860,01-2015,5930.00,0,0,0,0,0,0,0,0,0,0,0,0,0,0,13,0000-00-00 00:00:00,0000-00-00 00:00:00
498,2863,01-2015,5930.00,0,0,0,0,0,0,0,0,0,0,0,0,0,0,13,0000-00-00 00:00:00,0000-00-00 00:00:00
499,2864,01-2015,2480.00,0,0,0,0,0,0,0,0,0,0,0,0,0,0,13,0000-00-00 00:00:00,0000-00-00 00:00:00
500,2865,01-2015,2920.00,0,0,0,0,0,0,0,0,0,0,0,0,0,0,13,0000-00-00 00:00:00,0000-00-00 00:00:00
501,2870,01-2015,2960.00,0,0,0,0,0,0,0,0,0,0,0,0,0,0,13,0000-00-00 00:00:00,0000-00-00 00:00:00
502,2877,01-2015,5240.00,0,0,0,0,0,0,0,0,0,0,0,0,0,0,13,0000-00-00 00:00:00,0000-00-00 00:00:00
503,2878,01-2015,4430.00,0,0,0,0,0,0,0,0,0,0,0,0,0,0,13,0000-00-00 00:00:00,0000-00-00 00:00:00
504,2879,01-2015,5330.00,0,0,0,0,0,0,0,0,0,0,0,0,0,0,13,0000-00-00 00:00:00,0000-00-00 00:00:00
505,2896,01-2015,5960.00,0,0,0,0,0,0,0,0,0,0,0,0,0,0,13,0000-00-00 00:00:00,0000-00-00 00:00:00
506,2903,01-2015,5750.00,0,0,0,0,0,0,0,0,0,0,0,0,0,0,13,0000-00-00 00:00:00,0000-00-00 00:00:00
507,2904,01-2015,3825.00,0,0,0,0,0,0,0,0,0,0,0,0,0,0,13,0000-00-00 00:00:00,0000-00-00 00:00:00
508,2916,01-2015, -   ,0,0,0,0,0,0,0,0,0,0,0,0,0,0,13,0000-00-00 00:00:00,0000-00-00 00:00:00
509,2920,01-2015,5870.00,0,0,0,0,0,0,0,0,0,0,0,0,0,0,13,0000-00-00 00:00:00,0000-00-00 00:00:00
510,2933,01-2015,5450.00,0,0,0,0,0,0,0,0,0,0,0,0,0,0,13,0000-00-00 00:00:00,0000-00-00 00:00:00
511,2945,01-2015,2210.00,0,0,0,0,0,0,0,0,0,0,0,0,0,0,13,0000-00-00 00:00:00,0000-00-00 00:00:00
512,2948,01-2015,2180.00,0,0,0,0,0,0,0,0,0,0,0,0,0,0,13,0000-00-00 00:00:00,0000-00-00 00:00:00
513,2979,01-2015,5560.00,0,0,0,0,0,0,0,0,0,0,0,0,0,0,13,0000-00-00 00:00:00,0000-00-00 00:00:00
514,2981,01-2015,150.00,0,0,0,0,0,0,0,0,0,0,0,0,0,0,13,0000-00-00 00:00:00,0000-00-00 00:00:00
515,2982,01-2015,4660.00,0,0,0,0,0,0,0,0,0,0,0,0,0,0,13,0000-00-00 00:00:00,0000-00-00 00:00:00
516,2987,01-2015,3470.00,0,0,0,0,0,0,0,0,0,0,0,0,0,0,13,0000-00-00 00:00:00,0000-00-00 00:00:00
517,2989,01-2015,2500.00,0,0,0,0,0,0,0,0,0,0,0,0,0,0,13,0000-00-00 00:00:00,0000-00-00 00:00:00
518,2990,01-2015,4800.00,0,0,0,0,0,0,0,0,0,0,0,0,0,0,13,0000-00-00 00:00:00,0000-00-00 00:00:00
519,2992,01-2015,3090.00,0,0,0,0,0,0,0,0,0,0,0,0,0,0,13,0000-00-00 00:00:00,0000-00-00 00:00:00
520,2994,01-2015,4750.00,0,0,0,0,0,0,0,0,0,0,0,0,0,0,13,0000-00-00 00:00:00,0000-00-00 00:00:00
521,2996,01-2015,9000.00,0,0,0,0,0,0,0,0,0,0,0,0,0,0,13,0000-00-00 00:00:00,0000-00-00 00:00:00
522,2997,01-2015,5450.00,0,0,0,0,0,0,0,0,0,0,0,0,0,0,13,0000-00-00 00:00:00,0000-00-00 00:00:00
523,3010,01-2015,2080.00,0,0,0,0,0,0,0,0,0,0,0,0,0,0,13,0000-00-00 00:00:00,0000-00-00 00:00:00
524,3011,01-2015,6550.00,0,0,0,0,0,0,0,0,0,0,0,0,0,0,13,0000-00-00 00:00:00,0000-00-00 00:00:00
525,3012,01-2015,1980.00,0,0,0,0,0,0,0,0,0,0,0,0,0,0,13,0000-00-00 00:00:00,0000-00-00 00:00:00
526,3019,01-2015,4391.62,0,0,0,0,0,0,0,0,0,0,0,0,0,0,13,0000-00-00 00:00:00,0000-00-00 00:00:00
527,3020,01-2015,6690.00,0,0,0,0,0,0,0,0,0,0,0,0,0,0,13,0000-00-00 00:00:00,0000-00-00 00:00:00
528,3026,01-2015,5250.00,0,0,0,0,0,0,0,0,0,0,0,0,0,0,13,0000-00-00 00:00:00,0000-00-00 00:00:00
529,3028,01-2015,3090.00,0,0,0,0,0,0,0,0,0,0,0,0,0,0,13,0000-00-00 00:00:00,0000-00-00 00:00:00
530,3029,01-2015,3120.00,0,0,0,0,0,0,0,0,0,0,0,0,0,0,13,0000-00-00 00:00:00,0000-00-00 00:00:00
531,3035,01-2015,5040.00,0,0,0,0,0,0,0,0,0,0,0,0,0,0,13,0000-00-00 00:00:00,0000-00-00 00:00:00
532,3039,01-2015,501.00,0,0,0,0,0,0,0,0,0,0,0,0,0,0,13,0000-00-00 00:00:00,0000-00-00 00:00:00
533,3043,01-2015,2670.00,0,0,0,0,0,0,0,0,0,0,0,0,0,0,13,0000-00-00 00:00:00,0000-00-00 00:00:00
534,3047,01-2015,1900.00,0,0,0,0,0,0,0,0,0,0,0,0,0,0,13,0000-00-00 00:00:00,0000-00-00 00:00:00
535,3053,01-2015,4160.00,0,0,0,0,0,0,0,0,0,0,0,0,0,0,13,0000-00-00 00:00:00,0000-00-00 00:00:00
536,3060,01-2015,5150.00,0,0,0,0,0,0,0,0,0,0,0,0,0,0,13,0000-00-00 00:00:00,0000-00-00 00:00:00
537,3068,01-2015,2060.00,0,0,0,0,0,0,0,0,0,0,0,0,0,0,13,0000-00-00 00:00:00,0000-00-00 00:00:00
538,3071,01-2015,2650.00,0,0,0,0,0,0,0,0,0,0,0,0,0,0,13,0000-00-00 00:00:00,0000-00-00 00:00:00
539,3077,01-2015,7140.00,0,0,0,0,0,0,0,0,0,0,0,0,0,0,13,0000-00-00 00:00:00,0000-00-00 00:00:00
540,3086,01-2015,1700.00,0,0,0,0,0,0,0,0,0,0,0,0,0,0,13,0000-00-00 00:00:00,0000-00-00 00:00:00
541,3087,01-2015,2050.00,0,0,0,0,0,0,0,0,0,0,0,0,0,0,13,0000-00-00 00:00:00,0000-00-00 00:00:00
542,3094,01-2015,4500.00,0,0,0,0,0,0,0,0,0,0,0,0,0,0,13,0000-00-00 00:00:00,0000-00-00 00:00:00
543,3097,01-2015,1080.00,0,0,0,0,0,0,0,0,0,0,0,0,0,0,13,0000-00-00 00:00:00,0000-00-00 00:00:00
544,3133,01-2015,3750.00,0,0,0,0,0,0,0,0,0,0,0,0,0,0,13,0000-00-00 00:00:00,0000-00-00 00:00:00
545,3141,01-2015,150.00,0,0,0,0,0,0,0,0,0,0,0,0,0,0,13,0000-00-00 00:00:00,0000-00-00 00:00:00
546,3161,01-2015,6640.00,0,0,0,0,0,0,0,0,0,0,0,0,0,0,13,0000-00-00 00:00:00,0000-00-00 00:00:00
547,3163,01-2015,1140.00,0,0,0,0,0,0,0,0,0,0,0,0,0,0,13,0000-00-00 00:00:00,0000-00-00 00:00:00
548,3164,01-2015,7274.00,0,0,0,0,0,0,0,0,0,0,0,0,0,0,13,0000-00-00 00:00:00,0000-00-00 00:00:00
549,3177,01-2015,1200.00,0,0,0,0,0,0,0,0,0,0,0,0,0,0,13,0000-00-00 00:00:00,0000-00-00 00:00:00
550,3177,01-2015,3250.00,0,0,0,0,0,0,0,0,0,0,0,0,0,0,13,0000-00-00 00:00:00,0000-00-00 00:00:00
551,3193,01-2015,4040.00,0,0,0,0,0,0,0,0,0,0,0,0,0,0,13,0000-00-00 00:00:00,0000-00-00 00:00:00
552,3201,01-2015,4500.00,0,0,0,0,0,0,0,0,0,0,0,0,0,0,13,0000-00-00 00:00:00,0000-00-00 00:00:00
553,3211,01-2015,5900.00,0,0,0,0,0,0,0,0,0,0,0,0,0,0,13,0000-00-00 00:00:00,0000-00-00 00:00:00
554,3230,01-2015,2240.00,0,0,0,0,0,0,0,0,0,0,0,0,0,0,13,0000-00-00 00:00:00,0000-00-00 00:00:00
555,3237,01-2015,2150.00,0,0,0,0,0,0,0,0,0,0,0,0,0,0,13,0000-00-00 00:00:00,0000-00-00 00:00:00
556,3241,01-2015,1800.00,0,0,0,0,0,0,0,0,0,0,0,0,0,0,13,0000-00-00 00:00:00,0000-00-00 00:00:00
557,3248,01-2015,4450.00,0,0,0,0,0,0,0,0,0,0,0,0,0,0,13,0000-00-00 00:00:00,0000-00-00 00:00:00
558,3292,01-2015,2800.00,0,0,0,0,0,0,0,0,0,0,0,0,0,0,13,0000-00-00 00:00:00,0000-00-00 00:00:00
559,3305,01-2015,4250.00,0,0,0,0,0,0,0,0,0,0,0,0,0,0,13,0000-00-00 00:00:00,0000-00-00 00:00:00
560,3308,01-2015,6000.00,0,0,0,0,0,0,0,0,0,0,0,0,0,0,13,0000-00-00 00:00:00,0000-00-00 00:00:00
561,3316,01-2015,3000.00,0,0,0,0,0,0,0,0,0,0,0,0,0,0,13,0000-00-00 00:00:00,0000-00-00 00:00:00
562,3320,01-2015,2410.00,0,0,0,0,0,0,0,0,0,0,0,0,0,0,13,0000-00-00 00:00:00,0000-00-00 00:00:00
563,3321,01-2015,2010.00,0,0,0,0,0,0,0,0,0,0,0,0,0,0,13,0000-00-00 00:00:00,0000-00-00 00:00:00
564,3322,01-2015,4410.00,0,0,0,0,0,0,0,0,0,0,0,0,0,0,13,0000-00-00 00:00:00,0000-00-00 00:00:00
565,3334,01-2015,2410.00,0,0,0,0,0,0,0,0,0,0,0,0,0,0,13,0000-00-00 00:00:00,0000-00-00 00:00:00
566,3335,01-2015,4050.00,0,0,0,0,0,0,0,0,0,0,0,0,0,0,13,0000-00-00 00:00:00,0000-00-00 00:00:00
567,3344,01-2015,2800.00,0,0,0,0,0,0,0,0,0,0,0,0,0,0,13,0000-00-00 00:00:00,0000-00-00 00:00:00
568,3363,01-2015,150.00,0,0,0,0,0,0,0,0,0,0,0,0,0,0,13,0000-00-00 00:00:00,0000-00-00 00:00:00
569,3367,01-2015,1900.00,0,0,0,0,0,0,0,0,0,0,0,0,0,0,13,0000-00-00 00:00:00,0000-00-00 00:00:00
570,3381,01-2015,1680.00,0,0,0,0,0,0,0,0,0,0,0,0,0,0,13,0000-00-00 00:00:00,0000-00-00 00:00:00
571,3385,01-2015,1680.00,0,0,0,0,0,0,0,0,0,0,0,0,0,0,13,0000-00-00 00:00:00,0000-00-00 00:00:00
572,3395,01-2015,7900.00,0,0,0,0,0,0,0,0,0,0,0,0,0,0,13,0000-00-00 00:00:00,0000-00-00 00:00:00
573,3405,01-2015,3950.00,0,0,0,0,0,0,0,0,0,0,0,0,0,0,13,0000-00-00 00:00:00,0000-00-00 00:00:00
574,3420,01-2015,620.00,0,0,0,0,0,0,0,0,0,0,0,0,0,0,13,0000-00-00 00:00:00,0000-00-00 00:00:00
575,3431,01-2015,3200.00,0,0,0,0,0,0,0,0,0,0,0,0,0,0,13,0000-00-00 00:00:00,0000-00-00 00:00:00
576,3438,01-2015,2920.00,0,0,0,0,0,0,0,0,0,0,0,0,0,0,13,0000-00-00 00:00:00,0000-00-00 00:00:00
577,3446,01-2015, -   ,0,0,0,0,0,0,0,0,0,0,0,0,0,0,13,0000-00-00 00:00:00,0000-00-00 00:00:00
578,3447,01-2015,3200.00,0,0,0,0,0,0,0,0,0,0,0,0,0,0,13,0000-00-00 00:00:00,0000-00-00 00:00:00
579,3452,01-2015,2770.00,0,0,0,0,0,0,0,0,0,0,0,0,0,0,13,0000-00-00 00:00:00,0000-00-00 00:00:00
580,3457,01-2015,2400.00,0,0,0,0,0,0,0,0,0,0,0,0,0,0,13,0000-00-00 00:00:00,0000-00-00 00:00:00
581,3459,01-2015,1900.00,0,0,0,0,0,0,0,0,0,0,0,0,0,0,13,0000-00-00 00:00:00,0000-00-00 00:00:00
582,3464,01-2015,90.00,0,0,0,0,0,0,0,0,0,0,0,0,0,0,13,0000-00-00 00:00:00,0000-00-00 00:00:00
583,3473,01-2015,160.00,0,0,0,0,0,0,0,0,0,0,0,0,0,0,13,0000-00-00 00:00:00,0000-00-00 00:00:00
584,3480,01-2015,1530.00,0,0,0,0,0,0,0,0,0,0,0,0,0,0,13,0000-00-00 00:00:00,0000-00-00 00:00:00
585,3487,01-2015,3650.00,0,0,0,0,0,0,0,0,0,0,0,0,0,0,13,0000-00-00 00:00:00,0000-00-00 00:00:00
586,3489,01-2015,1230.00,0,0,0,0,0,0,0,0,0,0,0,0,0,0,13,0000-00-00 00:00:00,0000-00-00 00:00:00
587,3496,01-2015,450.00,0,0,0,0,0,0,0,0,0,0,0,0,0,0,13,0000-00-00 00:00:00,0000-00-00 00:00:00
588,3507,01-2015,1950.00,0,0,0,0,0,0,0,0,0,0,0,0,0,0,13,0000-00-00 00:00:00,0000-00-00 00:00:00
589,3510,01-2015,1080.00,0,0,0,0,0,0,0,0,0,0,0,0,0,0,13,0000-00-00 00:00:00,0000-00-00 00:00:00
590,3516,01-2015,2800.00,0,0,0,0,0,0,0,0,0,0,0,0,0,0,13,0000-00-00 00:00:00,0000-00-00 00:00:00
591,3527,01-2015,1680.00,0,0,0,0,0,0,0,0,0,0,0,0,0,0,13,0000-00-00 00:00:00,0000-00-00 00:00:00
592,3529,01-2015,1530.00,0,0,0,0,0,0,0,0,0,0,0,0,0,0,13,0000-00-00 00:00:00,0000-00-00 00:00:00
593,3539,01-2015,1120.00,0,0,0,0,0,0,0,0,0,0,0,0,0,0,13,0000-00-00 00:00:00,0000-00-00 00:00:00
594,3551,01-2015,1080.00,0,0,0,0,0,0,0,0,0,0,0,0,0,0,13,0000-00-00 00:00:00,0000-00-00 00:00:00
595,3557,01-2015,1230.00,0,0,0,0,0,0,0,0,0,0,0,0,0,0,13,0000-00-00 00:00:00,0000-00-00 00:00:00
596,3575,01-2015,930.00,0,0,0,0,0,0,0,0,0,0,0,0,0,0,13,0000-00-00 00:00:00,0000-00-00 00:00:00
597,3593,01-2015,2050.00,0,0,0,0,0,0,0,0,0,0,0,0,0,0,13,0000-00-00 00:00:00,0000-00-00 00:00:00
598,3605,01-2015,4100.00,0,0,0,0,0,0,0,0,0,0,0,0,0,0,13,0000-00-00 00:00:00,0000-00-00 00:00:00
599,3636,01-2015,1140.00,0,0,0,0,0,0,0,0,0,0,0,0,0,0,13,0000-00-00 00:00:00,0000-00-00 00:00:00
600,3637,01-2015,1800.00,0,0,0,0,0,0,0,0,0,0,0,0,0,0,13,0000-00-00 00:00:00,0000-00-00 00:00:00
601,3640,01-2015,3350.00,0,0,0,0,0,0,0,0,0,0,0,0,0,0,13,0000-00-00 00:00:00,0000-00-00 00:00:00
602,3658,01-2015,560.00,0,0,0,0,0,0,0,0,0,0,0,0,0,0,13,0000-00-00 00:00:00,0000-00-00 00:00:00
603,3672,01-2015,1800.00,0,0,0,0,0,0,0,0,0,0,0,0,0,0,13,0000-00-00 00:00:00,0000-00-00 00:00:00
604,3676,01-2015,540.00,0,0,0,0,0,0,0,0,0,0,0,0,0,0,13,0000-00-00 00:00:00,0000-00-00 00:00:00
605,3692,01-2015,90.00,0,0,0,0,0,0,0,0,0,0,0,0,0,0,13,0000-00-00 00:00:00,0000-00-00 00:00:00
606,3698,01-2015,90.00,0,0,0,0,0,0,0,0,0,0,0,0,0,0,13,0000-00-00 00:00:00,0000-00-00 00:00:00
607,688,01-2015,7680.00,0,0,0,0,0,0,0,0,0,0,0,0,0,0,14,0000-00-00 00:00:00,0000-00-00 00:00:00
608,1538,01-2015,9371.92,0,0,0,0,0,0,0,0,0,0,0,0,0,0,14,0000-00-00 00:00:00,0000-00-00 00:00:00
609,1676,01-2015,5980.00,0,0,0,0,0,0,0,0,0,0,0,0,0,0,14,0000-00-00 00:00:00,0000-00-00 00:00:00
610,1693,01-2015,9170.00,0,0,0,0,0,0,0,0,0,0,0,0,0,0,14,0000-00-00 00:00:00,0000-00-00 00:00:00
611,1703,01-2015,8150.00,0,0,0,0,0,0,0,0,0,0,0,0,0,0,14,0000-00-00 00:00:00,0000-00-00 00:00:00
612,1760,01-2015,9440.00,0,0,0,0,0,0,0,0,0,0,0,0,0,0,14,0000-00-00 00:00:00,0000-00-00 00:00:00
613,1931,01-2015,6780.00,0,0,0,0,0,0,0,0,0,0,0,0,0,0,14,0000-00-00 00:00:00,0000-00-00 00:00:00
614,1936,01-2015,6610.00,0,0,0,0,0,0,0,0,0,0,0,0,0,0,14,0000-00-00 00:00:00,0000-00-00 00:00:00
615,1973,01-2015,13930.00,0,0,0,0,0,0,0,0,0,0,0,0,0,0,14,0000-00-00 00:00:00,0000-00-00 00:00:00
616,1974,01-2015,11250.00,0,0,0,0,0,0,0,0,0,0,0,0,0,0,14,0000-00-00 00:00:00,0000-00-00 00:00:00
617,1976,01-2015,6450.00,0,0,0,0,0,0,0,0,0,0,0,0,0,0,14,0000-00-00 00:00:00,0000-00-00 00:00:00
618,1983,01-2015,7380.00,0,0,0,0,0,0,0,0,0,0,0,0,0,0,14,0000-00-00 00:00:00,0000-00-00 00:00:00
619,1987,01-2015,7320.00,0,0,0,0,0,0,0,0,0,0,0,0,0,0,14,0000-00-00 00:00:00,0000-00-00 00:00:00
620,2000,01-2015,9620.00,0,0,0,0,0,0,0,0,0,0,0,0,0,0,14,0000-00-00 00:00:00,0000-00-00 00:00:00
621,2018,01-2015,6620.00,0,0,0,0,0,0,0,0,0,0,0,0,0,0,14,0000-00-00 00:00:00,0000-00-00 00:00:00
622,2045,01-2015,7850.00,0,0,0,0,0,0,0,0,0,0,0,0,0,0,14,0000-00-00 00:00:00,0000-00-00 00:00:00
623,2052,01-2015,6790.00,0,0,0,0,0,0,0,0,0,0,0,0,0,0,14,0000-00-00 00:00:00,0000-00-00 00:00:00
624,2150,01-2015,19090.00,0,0,0,0,0,0,0,0,0,0,0,0,0,0,14,0000-00-00 00:00:00,0000-00-00 00:00:00
625,2207,01-2015,6830.00,0,0,0,0,0,0,0,0,0,0,0,0,0,0,14,0000-00-00 00:00:00,0000-00-00 00:00:00
626,2208,01-2015,10840.00,0,0,0,0,0,0,0,0,0,0,0,0,0,0,14,0000-00-00 00:00:00,0000-00-00 00:00:00
627,2211,01-2015,10515.00,0,0,0,0,0,0,0,0,0,0,0,0,0,0,14,0000-00-00 00:00:00,0000-00-00 00:00:00
628,2214,01-2015,6795.00,0,0,0,0,0,0,0,0,0,0,0,0,0,0,14,0000-00-00 00:00:00,0000-00-00 00:00:00
629,2244,01-2015,5820.00,0,0,0,0,0,0,0,0,0,0,0,0,0,0,14,0000-00-00 00:00:00,0000-00-00 00:00:00
630,2263,01-2015,7444.70,0,0,0,0,0,0,0,0,0,0,0,0,0,0,14,0000-00-00 00:00:00,0000-00-00 00:00:00
631,2267,01-2015,9920.00,0,0,0,0,0,0,0,0,0,0,0,0,0,0,14,0000-00-00 00:00:00,0000-00-00 00:00:00
632,2284,01-2015,5950.00,0,0,0,0,0,0,0,0,0,0,0,0,0,0,14,0000-00-00 00:00:00,0000-00-00 00:00:00
633,2291,01-2015,6825.00,0,0,0,0,0,0,0,0,0,0,0,0,0,0,14,0000-00-00 00:00:00,0000-00-00 00:00:00
634,2295,01-2015,300.00,0,0,0,0,0,0,0,0,0,0,0,0,0,0,14,0000-00-00 00:00:00,0000-00-00 00:00:00
635,2302,01-2015,11280.00,0,0,0,0,0,0,0,0,0,0,0,0,0,0,14,0000-00-00 00:00:00,0000-00-00 00:00:00
636,2305,01-2015,6950.00,0,0,0,0,0,0,0,0,0,0,0,0,0,0,14,0000-00-00 00:00:00,0000-00-00 00:00:00
637,2325,01-2015,10030.00,0,0,0,0,0,0,0,0,0,0,0,0,0,0,14,0000-00-00 00:00:00,0000-00-00 00:00:00
638,2331,01-2015,9050.00,0,0,0,0,0,0,0,0,0,0,0,0,0,0,14,0000-00-00 00:00:00,0000-00-00 00:00:00
639,2340,01-2015,5620.00,0,0,0,0,0,0,0,0,0,0,0,0,0,0,14,0000-00-00 00:00:00,0000-00-00 00:00:00
640,2363,01-2015,4910.00,0,0,0,0,0,0,0,0,0,0,0,0,0,0,14,0000-00-00 00:00:00,0000-00-00 00:00:00
641,2379,01-2015,7400.00,0,0,0,0,0,0,0,0,0,0,0,0,0,0,14,0000-00-00 00:00:00,0000-00-00 00:00:00
642,2381,01-2015,5750.00,0,0,0,0,0,0,0,0,0,0,0,0,0,0,14,0000-00-00 00:00:00,0000-00-00 00:00:00
643,2398,01-2015,4900.00,0,0,0,0,0,0,0,0,0,0,0,0,0,0,14,0000-00-00 00:00:00,0000-00-00 00:00:00
644,2401,01-2015,6820.00,0,0,0,0,0,0,0,0,0,0,0,0,0,0,14,0000-00-00 00:00:00,0000-00-00 00:00:00
645,2407,01-2015,9121.00,0,0,0,0,0,0,0,0,0,0,0,0,0,0,14,0000-00-00 00:00:00,0000-00-00 00:00:00
646,2409,01-2015,11550.00,0,0,0,0,0,0,0,0,0,0,0,0,0,0,14,0000-00-00 00:00:00,0000-00-00 00:00:00
647,2415,01-2015,5380.00,0,0,0,0,0,0,0,0,0,0,0,0,0,0,14,0000-00-00 00:00:00,0000-00-00 00:00:00
648,2464,01-2015,6750.00,0,0,0,0,0,0,0,0,0,0,0,0,0,0,14,0000-00-00 00:00:00,0000-00-00 00:00:00
649,2465,01-2015,10080.00,0,0,0,0,0,0,0,0,0,0,0,0,0,0,14,0000-00-00 00:00:00,0000-00-00 00:00:00
650,2466,01-2015,16980.00,0,0,0,0,0,0,0,0,0,0,0,0,0,0,14,0000-00-00 00:00:00,0000-00-00 00:00:00
651,2468,01-2015,0.00,0,0,0,0,0,0,0,0,0,0,0,0,0,0,14,0000-00-00 00:00:00,0000-00-00 00:00:00
652,2470,01-2015,6415.00,0,0,0,0,0,0,0,0,0,0,0,0,0,0,14,0000-00-00 00:00:00,0000-00-00 00:00:00
653,2472,01-2015,8160.00,0,0,0,0,0,0,0,0,0,0,0,0,0,0,14,0000-00-00 00:00:00,0000-00-00 00:00:00
654,2474,01-2015,4050.00,0,0,0,0,0,0,0,0,0,0,0,0,0,0,14,0000-00-00 00:00:00,0000-00-00 00:00:00
655,2475,01-2015,6480.00,0,0,0,0,0,0,0,0,0,0,0,0,0,0,14,0000-00-00 00:00:00,0000-00-00 00:00:00
656,2478,01-2015,5818.00,0,0,0,0,0,0,0,0,0,0,0,0,0,0,14,0000-00-00 00:00:00,0000-00-00 00:00:00
657,2490,01-2015,8424.00,0,0,0,0,0,0,0,0,0,0,0,0,0,0,14,0000-00-00 00:00:00,0000-00-00 00:00:00
658,2506,01-2015,0.00,0,0,0,0,0,0,0,0,0,0,0,0,0,0,14,0000-00-00 00:00:00,0000-00-00 00:00:00
659,2507,01-2015,4050.00,0,0,0,0,0,0,0,0,0,0,0,0,0,0,14,0000-00-00 00:00:00,0000-00-00 00:00:00
660,2508,01-2015,4500.00,0,0,0,0,0,0,0,0,0,0,0,0,0,0,14,0000-00-00 00:00:00,0000-00-00 00:00:00
661,2509,01-2015,4740.00,0,0,0,0,0,0,0,0,0,0,0,0,0,0,14,0000-00-00 00:00:00,0000-00-00 00:00:00
662,2510,01-2015,3820.00,0,0,0,0,0,0,0,0,0,0,0,0,0,0,14,0000-00-00 00:00:00,0000-00-00 00:00:00
663,2516,01-2015,6410.00,0,0,0,0,0,0,0,0,0,0,0,0,0,0,14,0000-00-00 00:00:00,0000-00-00 00:00:00
664,2524,01-2015,3900.00,0,0,0,0,0,0,0,0,0,0,0,0,0,0,14,0000-00-00 00:00:00,0000-00-00 00:00:00
665,2594,01-2015,0.00,0,0,0,0,0,0,0,0,0,0,0,0,0,0,14,0000-00-00 00:00:00,0000-00-00 00:00:00
666,2599,01-2015,10200.00,0,0,0,0,0,0,0,0,0,0,0,0,0,0,14,0000-00-00 00:00:00,0000-00-00 00:00:00
667,2600,01-2015,6530.00,0,0,0,0,0,0,0,0,0,0,0,0,0,0,14,0000-00-00 00:00:00,0000-00-00 00:00:00
668,2601,01-2015,8840.00,0,0,0,0,0,0,0,0,0,0,0,0,0,0,14,0000-00-00 00:00:00,0000-00-00 00:00:00
669,2602,01-2015,10080.00,0,0,0,0,0,0,0,0,0,0,0,0,0,0,14,0000-00-00 00:00:00,0000-00-00 00:00:00
670,2603,01-2015,7130.00,0,0,0,0,0,0,0,0,0,0,0,0,0,0,14,0000-00-00 00:00:00,0000-00-00 00:00:00
671,2604,01-2015,4280.00,0,0,0,0,0,0,0,0,0,0,0,0,0,0,14,0000-00-00 00:00:00,0000-00-00 00:00:00
672,2605,01-2015,4440.00,0,0,0,0,0,0,0,0,0,0,0,0,0,0,14,0000-00-00 00:00:00,0000-00-00 00:00:00
673,2606,01-2015,11250.00,0,0,0,0,0,0,0,0,0,0,0,0,0,0,14,0000-00-00 00:00:00,0000-00-00 00:00:00
674,2607,01-2015,21550.00,0,0,0,0,0,0,0,0,0,0,0,0,0,0,14,0000-00-00 00:00:00,0000-00-00 00:00:00
675,2608,01-2015,10500.00,0,0,0,0,0,0,0,0,0,0,0,0,0,0,14,0000-00-00 00:00:00,0000-00-00 00:00:00
676,2611,01-2015,4020.00,0,0,0,0,0,0,0,0,0,0,0,0,0,0,14,0000-00-00 00:00:00,0000-00-00 00:00:00
677,2612,01-2015,7230.00,0,0,0,0,0,0,0,0,0,0,0,0,0,0,14,0000-00-00 00:00:00,0000-00-00 00:00:00
678,2644,01-2015,4080.00,0,0,0,0,0,0,0,0,0,0,0,0,0,0,14,0000-00-00 00:00:00,0000-00-00 00:00:00
679,2669,01-2015,10100.00,0,0,0,0,0,0,0,0,0,0,0,0,0,0,14,0000-00-00 00:00:00,0000-00-00 00:00:00
680,2672,01-2015,4280.00,0,0,0,0,0,0,0,0,0,0,0,0,0,0,14,0000-00-00 00:00:00,0000-00-00 00:00:00
681,2697,01-2015,7340.00,0,0,0,0,0,0,0,0,0,0,0,0,0,0,14,0000-00-00 00:00:00,0000-00-00 00:00:00
682,2704,01-2015,5230.00,0,0,0,0,0,0,0,0,0,0,0,0,0,0,14,0000-00-00 00:00:00,0000-00-00 00:00:00
683,2709,01-2015,6410.00,0,0,0,0,0,0,0,0,0,0,0,0,0,0,14,0000-00-00 00:00:00,0000-00-00 00:00:00
684,2714,01-2015,5360.00,0,0,0,0,0,0,0,0,0,0,0,0,0,0,14,0000-00-00 00:00:00,0000-00-00 00:00:00
685,2741,01-2015,13500.00,0,0,0,0,0,0,0,0,0,0,0,0,0,0,14,0000-00-00 00:00:00,0000-00-00 00:00:00
686,2753,01-2015,2830.00,0,0,0,0,0,0,0,0,0,0,0,0,0,0,14,0000-00-00 00:00:00,0000-00-00 00:00:00
687,2762,01-2015,5770.00,0,0,0,0,0,0,0,0,0,0,0,0,0,0,14,0000-00-00 00:00:00,0000-00-00 00:00:00
688,2768,01-2015,5160.00,0,0,0,0,0,0,0,0,0,0,0,0,0,0,14,0000-00-00 00:00:00,0000-00-00 00:00:00
689,2779,01-2015,6450.00,0,0,0,0,0,0,0,0,0,0,0,0,0,0,14,0000-00-00 00:00:00,0000-00-00 00:00:00
690,2780,01-2015,4650.00,0,0,0,0,0,0,0,0,0,0,0,0,0,0,14,0000-00-00 00:00:00,0000-00-00 00:00:00
691,2784,01-2015,2580.00,0,0,0,0,0,0,0,0,0,0,0,0,0,0,14,0000-00-00 00:00:00,0000-00-00 00:00:00
692,2788,01-2015,4840.00,0,0,0,0,0,0,0,0,0,0,0,0,0,0,14,0000-00-00 00:00:00,0000-00-00 00:00:00
693,2790,01-2015,10230.00,0,0,0,0,0,0,0,0,0,0,0,0,0,0,14,0000-00-00 00:00:00,0000-00-00 00:00:00
694,2802,01-2015,3870.00,0,0,0,0,0,0,0,0,0,0,0,0,0,0,14,0000-00-00 00:00:00,0000-00-00 00:00:00
695,2805,01-2015,4290.00,0,0,0,0,0,0,0,0,0,0,0,0,0,0,14,0000-00-00 00:00:00,0000-00-00 00:00:00
696,2806,01-2015,11300.00,0,0,0,0,0,0,0,0,0,0,0,0,0,0,14,0000-00-00 00:00:00,0000-00-00 00:00:00
697,2816,01-2015,1050.00,0,0,0,0,0,0,0,0,0,0,0,0,0,0,14,0000-00-00 00:00:00,0000-00-00 00:00:00
698,2818,01-2015,6400.00,0,0,0,0,0,0,0,0,0,0,0,0,0,0,14,0000-00-00 00:00:00,0000-00-00 00:00:00
699,2821,01-2015,3870.00,0,0,0,0,0,0,0,0,0,0,0,0,0,0,14,0000-00-00 00:00:00,0000-00-00 00:00:00
700,2851,01-2015,3720.00,0,0,0,0,0,0,0,0,0,0,0,0,0,0,14,0000-00-00 00:00:00,0000-00-00 00:00:00
701,2855,01-2015,2480.00,0,0,0,0,0,0,0,0,0,0,0,0,0,0,14,0000-00-00 00:00:00,0000-00-00 00:00:00
702,2856,01-2015,4520.00,0,0,0,0,0,0,0,0,0,0,0,0,0,0,14,0000-00-00 00:00:00,0000-00-00 00:00:00
703,2861,01-2015,3590.00,0,0,0,0,0,0,0,0,0,0,0,0,0,0,14,0000-00-00 00:00:00,0000-00-00 00:00:00
704,2862,01-2015,4380.00,0,0,0,0,0,0,0,0,0,0,0,0,0,0,14,0000-00-00 00:00:00,0000-00-00 00:00:00
705,2875,01-2015,7370.00,0,0,0,0,0,0,0,0,0,0,0,0,0,0,14,0000-00-00 00:00:00,0000-00-00 00:00:00
706,2880,01-2015,5600.00,0,0,0,0,0,0,0,0,0,0,0,0,0,0,14,0000-00-00 00:00:00,0000-00-00 00:00:00
707,2886,01-2015,4880.00,0,0,0,0,0,0,0,0,0,0,0,0,0,0,14,0000-00-00 00:00:00,0000-00-00 00:00:00
708,2889,01-2015,5930.00,0,0,0,0,0,0,0,0,0,0,0,0,0,0,14,0000-00-00 00:00:00,0000-00-00 00:00:00
709,2893,01-2015,3360.00,0,0,0,0,0,0,0,0,0,0,0,0,0,0,14,0000-00-00 00:00:00,0000-00-00 00:00:00
710,2895,01-2015,4630.00,0,0,0,0,0,0,0,0,0,0,0,0,0,0,14,0000-00-00 00:00:00,0000-00-00 00:00:00
711,2897,01-2015,2790.00,0,0,0,0,0,0,0,0,0,0,0,0,0,0,14,0000-00-00 00:00:00,0000-00-00 00:00:00
712,2906,01-2015,7310.00,0,0,0,0,0,0,0,0,0,0,0,0,0,0,14,0000-00-00 00:00:00,0000-00-00 00:00:00
713,2907,01-2015,3890.00,0,0,0,0,0,0,0,0,0,0,0,0,0,0,14,0000-00-00 00:00:00,0000-00-00 00:00:00
714,2917,01-2015,3450.00,0,0,0,0,0,0,0,0,0,0,0,0,0,0,14,0000-00-00 00:00:00,0000-00-00 00:00:00
715,2937,01-2015,1200.00,0,0,0,0,0,0,0,0,0,0,0,0,0,0,14,0000-00-00 00:00:00,0000-00-00 00:00:00
716,2941,01-2015,5450.00,0,0,0,0,0,0,0,0,0,0,0,0,0,0,14,0000-00-00 00:00:00,0000-00-00 00:00:00
717,2944,01-2015,2810.00,0,0,0,0,0,0,0,0,0,0,0,0,0,0,14,0000-00-00 00:00:00,0000-00-00 00:00:00
718,2947,01-2015,4070.00,0,0,0,0,0,0,0,0,0,0,0,0,0,0,14,0000-00-00 00:00:00,0000-00-00 00:00:00
719,2951,01-2015,700.00,0,0,0,0,0,0,0,0,0,0,0,0,0,0,14,0000-00-00 00:00:00,0000-00-00 00:00:00
720,2958,01-2015,6400.00,0,0,0,0,0,0,0,0,0,0,0,0,0,0,14,0000-00-00 00:00:00,0000-00-00 00:00:00
721,2964,01-2015,5150.00,0,0,0,0,0,0,0,0,0,0,0,0,0,0,14,0000-00-00 00:00:00,0000-00-00 00:00:00
722,2966,01-2015,5150.00,0,0,0,0,0,0,0,0,0,0,0,0,0,0,14,0000-00-00 00:00:00,0000-00-00 00:00:00
723,2974,01-2015,2630.00,0,0,0,0,0,0,0,0,0,0,0,0,0,0,14,0000-00-00 00:00:00,0000-00-00 00:00:00
724,2984,01-2015,3090.00,0,0,0,0,0,0,0,0,0,0,0,0,0,0,14,0000-00-00 00:00:00,0000-00-00 00:00:00
725,2993,01-2015,5150.00,0,0,0,0,0,0,0,0,0,0,0,0,0,0,14,0000-00-00 00:00:00,0000-00-00 00:00:00
726,2998,01-2015,10080.00,0,0,0,0,0,0,0,0,0,0,0,0,0,0,14,0000-00-00 00:00:00,0000-00-00 00:00:00
727,3002,01-2015,3090.00,0,0,0,0,0,0,0,0,0,0,0,0,0,0,14,0000-00-00 00:00:00,0000-00-00 00:00:00
728,3014,01-2015,6660.00,0,0,0,0,0,0,0,0,0,0,0,0,0,0,14,0000-00-00 00:00:00,0000-00-00 00:00:00
729,3016,01-2015,3090.00,0,0,0,0,0,0,0,0,0,0,0,0,0,0,14,0000-00-00 00:00:00,0000-00-00 00:00:00
730,3017,01-2015,5000.00,0,0,0,0,0,0,0,0,0,0,0,0,0,0,14,0000-00-00 00:00:00,0000-00-00 00:00:00
731,3022,01-2015,5430.00,0,0,0,0,0,0,0,0,0,0,0,0,0,0,14,0000-00-00 00:00:00,0000-00-00 00:00:00
732,3024,01-2015,5450.00,0,0,0,0,0,0,0,0,0,0,0,0,0,0,14,0000-00-00 00:00:00,0000-00-00 00:00:00
733,3027,01-2015,5350.00,0,0,0,0,0,0,0,0,0,0,0,0,0,0,14,0000-00-00 00:00:00,0000-00-00 00:00:00
734,3036,01-2015,2060.00,0,0,0,0,0,0,0,0,0,0,0,0,0,0,14,0000-00-00 00:00:00,0000-00-00 00:00:00
735,3038,01-2015,3090.00,0,0,0,0,0,0,0,0,0,0,0,0,0,0,14,0000-00-00 00:00:00,0000-00-00 00:00:00
736,3042,01-2015,3160.00,0,0,0,0,0,0,0,0,0,0,0,0,0,0,14,0000-00-00 00:00:00,0000-00-00 00:00:00
737,3050,01-2015,2380.00,0,0,0,0,0,0,0,0,0,0,0,0,0,0,14,0000-00-00 00:00:00,0000-00-00 00:00:00
738,3078,01-2015,2820.00,0,0,0,0,0,0,0,0,0,0,0,0,0,0,14,0000-00-00 00:00:00,0000-00-00 00:00:00
739,3084,01-2015,450.00,0,0,0,0,0,0,0,0,0,0,0,0,0,0,14,0000-00-00 00:00:00,0000-00-00 00:00:00
740,3093,01-2015,6180.00,0,0,0,0,0,0,0,0,0,0,0,0,0,0,14,0000-00-00 00:00:00,0000-00-00 00:00:00
741,3099,01-2015,4450.00,0,0,0,0,0,0,0,0,0,0,0,0,0,0,14,0000-00-00 00:00:00,0000-00-00 00:00:00
742,3100,01-2015,4450.00,0,0,0,0,0,0,0,0,0,0,0,0,0,0,14,0000-00-00 00:00:00,0000-00-00 00:00:00
743,3135,01-2015,3950.00,0,0,0,0,0,0,0,0,0,0,0,0,0,0,14,0000-00-00 00:00:00,0000-00-00 00:00:00
744,3139,01-2015,2700.00,0,0,0,0,0,0,0,0,0,0,0,0,0,0,14,0000-00-00 00:00:00,0000-00-00 00:00:00
745,3187,01-2015,3950.00,0,0,0,0,0,0,0,0,0,0,0,0,0,0,14,0000-00-00 00:00:00,0000-00-00 00:00:00
746,3206,01-2015,4500.00,0,0,0,0,0,0,0,0,0,0,0,0,0,0,14,0000-00-00 00:00:00,0000-00-00 00:00:00
747,3209,01-2015,8370.00,0,0,0,0,0,0,0,0,0,0,0,0,0,0,14,0000-00-00 00:00:00,0000-00-00 00:00:00
748,3250,01-2015,3870.00,0,0,0,0,0,0,0,0,0,0,0,0,0,0,14,0000-00-00 00:00:00,0000-00-00 00:00:00
749,3298,01-2015,2370.00,0,0,0,0,0,0,0,0,0,0,0,0,0,0,14,0000-00-00 00:00:00,0000-00-00 00:00:00
750,3325,01-2015,2010.00,0,0,0,0,0,0,0,0,0,0,0,0,0,0,14,0000-00-00 00:00:00,0000-00-00 00:00:00
751,3326,01-2015,4250.00,0,0,0,0,0,0,0,0,0,0,0,0,0,0,14,0000-00-00 00:00:00,0000-00-00 00:00:00
752,3331,01-2015,7900.00,0,0,0,0,0,0,0,0,0,0,0,0,0,0,14,0000-00-00 00:00:00,0000-00-00 00:00:00
753,3339,01-2015,2680.00,0,0,0,0,0,0,0,0,0,0,0,0,0,0,14,0000-00-00 00:00:00,0000-00-00 00:00:00
754,3345,01-2015,2370.00,0,0,0,0,0,0,0,0,0,0,0,0,0,0,14,0000-00-00 00:00:00,0000-00-00 00:00:00
755,3370,01-2015,1580.00,0,0,0,0,0,0,0,0,0,0,0,0,0,0,14,0000-00-00 00:00:00,0000-00-00 00:00:00
756,3390,01-2015,3950.00,0,0,0,0,0,0,0,0,0,0,0,0,0,0,14,0000-00-00 00:00:00,0000-00-00 00:00:00
757,3393,01-2015,3250.00,0,0,0,0,0,0,0,0,0,0,0,0,0,0,14,0000-00-00 00:00:00,0000-00-00 00:00:00
758,3398,01-2015,2150.00,0,0,0,0,0,0,0,0,0,0,0,0,0,0,14,0000-00-00 00:00:00,0000-00-00 00:00:00
759,3406,01-2015,2370.00,0,0,0,0,0,0,0,0,0,0,0,0,0,0,14,0000-00-00 00:00:00,0000-00-00 00:00:00
760,3409,01-2015,2370.00,0,0,0,0,0,0,0,0,0,0,0,0,0,0,14,0000-00-00 00:00:00,0000-00-00 00:00:00
761,3414,01-2015,1140.00,0,0,0,0,0,0,0,0,0,0,0,0,0,0,14,0000-00-00 00:00:00,0000-00-00 00:00:00
762,3415,01-2015,0.00,0,0,0,0,0,0,0,0,0,0,0,0,0,0,14,0000-00-00 00:00:00,0000-00-00 00:00:00
763,3427,01-2015,3590.00,0,0,0,0,0,0,0,0,0,0,0,0,0,0,14,0000-00-00 00:00:00,0000-00-00 00:00:00
764,3442,01-2015,1480.00,0,0,0,0,0,0,0,0,0,0,0,0,0,0,14,0000-00-00 00:00:00,0000-00-00 00:00:00
765,3444,01-2015,3120.00,0,0,0,0,0,0,0,0,0,0,0,0,0,0,14,0000-00-00 00:00:00,0000-00-00 00:00:00
766,3445,01-2015,2860.00,0,0,0,0,0,0,0,0,0,0,0,0,0,0,14,0000-00-00 00:00:00,0000-00-00 00:00:00
767,3448,01-2015,2470.00,0,0,0,0,0,0,0,0,0,0,0,0,0,0,14,0000-00-00 00:00:00,0000-00-00 00:00:00
768,3463,01-2015,3700.00,0,0,0,0,0,0,0,0,0,0,0,0,0,0,14,0000-00-00 00:00:00,0000-00-00 00:00:00
769,3471,01-2015,3570.00,0,0,0,0,0,0,0,0,0,0,0,0,0,0,14,0000-00-00 00:00:00,0000-00-00 00:00:00
770,3472,01-2015,1480.00,0,0,0,0,0,0,0,0,0,0,0,0,0,0,14,0000-00-00 00:00:00,0000-00-00 00:00:00
771,3479,01-2015,3650.00,0,0,0,0,0,0,0,0,0,0,0,0,0,0,14,0000-00-00 00:00:00,0000-00-00 00:00:00
772,3481,01-2015,3650.00,0,0,0,0,0,0,0,0,0,0,0,0,0,0,14,0000-00-00 00:00:00,0000-00-00 00:00:00
773,3492,01-2015,1540.00,0,0,0,0,0,0,0,0,0,0,0,0,0,0,14,0000-00-00 00:00:00,0000-00-00 00:00:00
774,3499,01-2015,1240.00,0,0,0,0,0,0,0,0,0,0,0,0,0,0,14,0000-00-00 00:00:00,0000-00-00 00:00:00
775,3525,01-2015,150.00,0,0,0,0,0,0,0,0,0,0,0,0,0,0,14,0000-00-00 00:00:00,0000-00-00 00:00:00
776,3534,01-2015,720.00,0,0,0,0,0,0,0,0,0,0,0,0,0,0,14,0000-00-00 00:00:00,0000-00-00 00:00:00
777,3535,01-2015,1800.00,0,0,0,0,0,0,0,0,0,0,0,0,0,0,14,0000-00-00 00:00:00,0000-00-00 00:00:00
778,3540,01-2015,150.00,0,0,0,0,0,0,0,0,0,0,0,0,0,0,14,0000-00-00 00:00:00,0000-00-00 00:00:00
779,3546,01-2015,830.00,0,0,0,0,0,0,0,0,0,0,0,0,0,0,14,0000-00-00 00:00:00,0000-00-00 00:00:00
780,3550,01-2015,3570.00,0,0,0,0,0,0,0,0,0,0,0,0,0,0,14,0000-00-00 00:00:00,0000-00-00 00:00:00
781,3554,01-2015,1900.00,0,0,0,0,0,0,0,0,0,0,0,0,0,0,14,0000-00-00 00:00:00,0000-00-00 00:00:00
782,3559,01-2015,490.00,0,0,0,0,0,0,0,0,0,0,0,0,0,0,14,0000-00-00 00:00:00,0000-00-00 00:00:00
783,3577,01-2015,1290.00,0,0,0,0,0,0,0,0,0,0,0,0,0,0,14,0000-00-00 00:00:00,0000-00-00 00:00:00
784,3578,01-2015,270.00,0,0,0,0,0,0,0,0,0,0,0,0,0,0,14,0000-00-00 00:00:00,0000-00-00 00:00:00
785,3583,01-2015,900.00,0,0,0,0,0,0,0,0,0,0,0,0,0,0,14,0000-00-00 00:00:00,0000-00-00 00:00:00
786,3584,01-2015,910.00,0,0,0,0,0,0,0,0,0,0,0,0,0,0,14,0000-00-00 00:00:00,0000-00-00 00:00:00
787,3586,01-2015,1360.00,0,0,0,0,0,0,0,0,0,0,0,0,0,0,14,0000-00-00 00:00:00,0000-00-00 00:00:00
788,3622,01-2015,1140.00,0,0,0,0,0,0,0,0,0,0,0,0,0,0,14,0000-00-00 00:00:00,0000-00-00 00:00:00
789,3632,01-2015,1400.00,0,0,0,0,0,0,0,0,0,0,0,0,0,0,14,0000-00-00 00:00:00,0000-00-00 00:00:00
790,3635,01-2015,1800.00,0,0,0,0,0,0,0,0,0,0,0,0,0,0,14,0000-00-00 00:00:00,0000-00-00 00:00:00
791,3643,01-2015,1400.00,0,0,0,0,0,0,0,0,0,0,0,0,0,0,14,0000-00-00 00:00:00,0000-00-00 00:00:00
792,3648,01-2015,120.00,0,0,0,0,0,0,0,0,0,0,0,0,0,0,14,0000-00-00 00:00:00,0000-00-00 00:00:00
793,3681,01-2015,980.00,0,0,0,0,0,0,0,0,0,0,0,0,0,0,14,0000-00-00 00:00:00,0000-00-00 00:00:00
794,3694,01-2015,90.00,0,0,0,0,0,0,0,0,0,0,0,0,0,0,14,0000-00-00 00:00:00,0000-00-00 00:00:00
795,3704,01-2015,920.00,0,0,0,0,0,0,0,0,0,0,0,0,0,0,14,0000-00-00 00:00:00,0000-00-00 00:00:00
