1,3506,1,300,8,6, -   , -   , -   ,312,312, -   ,1,0000-00-00 00:00:00,0000-00-00 00:00:00
2,3532,1,500,10,6, -   ,2.5, -   ,525,464.5,52.5,1,0000-00-00 00:00:00,0000-00-00 00:00:00
3,3543,1,800,12,6, -   ,4, -   ,848,672.33,70.67,1,0000-00-00 00:00:00,0000-00-00 00:00:00
4,2611,1,800,12,6, -   , -   , -   ,848,848, -   ,1,0000-00-00 00:00:00,0000-00-00 00:00:00
5,3646,1,"1,000.00",12,6, -   ,5, -   ,"1,060.00",39.04,88.33,1,0000-00-00 00:00:00,0000-00-00 00:00:00
6,1508,1,"1,000.00",12,6, -   ,5, -   ,"1,060.00",925,92.5,1,0000-00-00 00:00:00,0000-00-00 00:00:00
7,1548,1,"1,000.00",24,6, -   ,5, -   ,"1,000.00","1,120.00",46.67,1,0000-00-00 00:00:00,0000-00-00 00:00:00
8,1569,1,"1,000.00",15,6, -   ,5, -   ,"1,075.00",975,75,1,0000-00-00 00:00:00,0000-00-00 00:00:00
9,1586,1,"1,000.00",12,6, -   ,5, -   ,"1,060.00",580.02,88.33,1,0000-00-00 00:00:00,0000-00-00 00:00:00
10,1615,1,"1,000.00",10,6, -   ,5, -   ,"1,050.00",940,110,1,0000-00-00 00:00:00,0000-00-00 00:00:00
11,1672,1,"1,000.00",18,6, -   ,5, -   ,"1,240.00",431.82,60.56,1,0000-00-00 00:00:00,0000-00-00 00:00:00
12,1788,1,"1,000.00",12,6, -   , - , -   ,"1,060.00",832.5, - ,1,0000-00-00 00:00:00,0000-00-00 00:00:00
13,1886,1,"1,000.00",12,6, -   ,5, -   ,"1,060.00",740,92.5,1,0000-00-00 00:00:00,0000-00-00 00:00:00
14,1933,1,"1,000.00",12,6, -   ,5, -   ,"1,060.00",925,92.5,1,0000-00-00 00:00:00,0000-00-00 00:00:00
15,1957,1,"1,000.00",15,6, -   ,5, -   ,"1,075.00",577.5,71.67,1,0000-00-00 00:00:00,0000-00-00 00:00:00
16,1966,1,"1,000.00",12,6, -   ,5, -   ,"1,060.00",462.5,92.5,1,0000-00-00 00:00:00,0000-00-00 00:00:00
17,1982,1,"1,000.00",12,6, -   ,5, -   ,"1,060.00","1,017.50",92.5,1,0000-00-00 00:00:00,0000-00-00 00:00:00
18,1995,1,"1,300.00",12,6, -   ,6.5, -   ,"1,378.00",936.35,88.33,1,0000-00-00 00:00:00,0000-00-00 00:00:00
19,1998,1,"1,300.00",12,6, -   ,6.5, -   ,"1,379.00",936.35,88.33,1,0000-00-00 00:00:00,0000-00-00 00:00:00
20,2021,1,"1,300.00",12,6, -   ,6.5, -   ,"1,378.00",936.35,88.33,1,0000-00-00 00:00:00,0000-00-00 00:00:00
21,2049,1,"1,344.00",24,6, -   ,6.72, -   ,"1,505.28",376.32,62.72,1,0000-00-00 00:00:00,0000-00-00 00:00:00
22,2102,1,"1,500.00",15,6,50,7.5, -   ,"1,590.00",901.33,86.67,1,0000-00-00 00:00:00,0000-00-00 00:00:00
23,2175,1,"1,500.00",36,6, -   , -   , -   ,"1,770.00","1,723.00", -   ,1,0000-00-00 00:00:00,0000-00-00 00:00:00
24,2197,1,"1,500.00",24,6, -   ,7.5, -   ,"1,680.00",840,70,1,0000-00-00 00:00:00,0000-00-00 00:00:00
25,2210,1,"1,500.00",12,6, -   ,7.5, -   ,"1,590.00","1,236.68",88.33,1,0000-00-00 00:00:00,0000-00-00 00:00:00
26,2270,1,"1,600.00",24,6, -   ,8, -   ,"1,792.00","1,117.00",75,1,0000-00-00 00:00:00,0000-00-00 00:00:00
27,2288,1,"1,800.00",24,6, -   ,9, -   ,"2,016.00","1,260.00",84,1,0000-00-00 00:00:00,0000-00-00 00:00:00
28,2301,1,"2,000.00",24,6, -   ,10, -   ,"2,240.00","1,120.04",93.33,1,0000-00-00 00:00:00,0000-00-00 00:00:00
29,2304,1,"2,000.00",48,6, -   ,10, -   ,"2,480.00","1,601.61",51.67,1,0000-00-00 00:00:00,0000-00-00 00:00:00
30,2327,1,"2,000.00",36,6, -   , -   , -   ,"2,360.00","1,891.42", -   ,1,0000-00-00 00:00:00,0000-00-00 00:00:00
31,2341,1,"2,000.00",24,6, -   ,10, -   ,"2,240.00","1,908.32",95.42,1,0000-00-00 00:00:00,0000-00-00 00:00:00
32,2342,1,"2,000.00",24,6, -   ,10,50,"2,240.00","2,194.58",45.42,1,0000-00-00 00:00:00,0000-00-00 00:00:00
33,2359,1,"2,000.00",24,6, -   ,10, -   ,"2,240.00",466.73,93.33,1,0000-00-00 00:00:00,0000-00-00 00:00:00
34,2362,1,"2,000.00",24,6, -   ,10, -   ,"2,240.00",373.3,93.33,1,0000-00-00 00:00:00,0000-00-00 00:00:00
35,2408,1,"2,000.00",12,6, -   ,10, -   ,"2,150.00",904.2,150,1,0000-00-00 00:00:00,0000-00-00 00:00:00
36,2422,1,"2,200.00",36,6, -   ,11,50,"2,595.00","2,571.50",23.5,1,0000-00-00 00:00:00,0000-00-00 00:00:00
37,2442,1,"2,200.00",24,6, -   ,11, -   ,"2,464.00",698.47,100,1,0000-00-00 00:00:00,0000-00-00 00:00:00
38,2460,1,"2,400.00",24,6,50,12, -   ,"2,688.00","2,623.92",64.08,1,0000-00-00 00:00:00,0000-00-00 00:00:00
39,2461,1,"2,400.00", -   ,6, -   , -   , -   ,"2,544.00",212, -   ,1,0000-00-00 00:00:00,0000-00-00 00:00:00
40,2462,1,"2,400.00",24,6, -   , -   , -   ,"2,688.00","2,688.00", -   ,1,0000-00-00 00:00:00,0000-00-00 00:00:00
41,2463,1,"2,500.00",24,6, -   ,12.5, -   ,"2,800.00","2,493.75",118.75,1,0000-00-00 00:00:00,0000-00-00 00:00:00
42,2482,1,"2,500.00",48,6, -   ,12.5, -   ,"3,100.00","2,231.71",64.58,1,0000-00-00 00:00:00,0000-00-00 00:00:00
43,2486,1,"2,500.00",36,6, -   , -   , -   ,"2,950.00", -   , -   ,1,0000-00-00 00:00:00,0000-00-00 00:00:00
44,2579,1,"2,500.00",20,6, -   ,12.5, -   ,"2,750.00","1,237.54",137.5,1,0000-00-00 00:00:00,0000-00-00 00:00:00
45,2580,1,"2,500.00",12,6, -   ,12.5, -   ,"2,650.00","2,250.00",225,1,0000-00-00 00:00:00,0000-00-00 00:00:00
46,2580,1,"2,500.00",36,6, -   ,12.5, -   ,"2,950.00",726.31,81.94,1,0000-00-00 00:00:00,0000-00-00 00:00:00
47,2582,1,"2,500.00",24,6, -   ,12.5, -   ,"2,800.00",784.95,116.67,1,0000-00-00 00:00:00,0000-00-00 00:00:00
48,2583,1,"2,500.00",24,6, -   ,12.5, -   ,"2,800.00",583.27,116.67,1,0000-00-00 00:00:00,0000-00-00 00:00:00
49,2584,1,"2,500.00",24,6, -   ,12.5, -   ,"2,800.00",583.27,116.67,1,0000-00-00 00:00:00,0000-00-00 00:00:00
50,2585,1,"2,500.00",24,6, -   ,12.5, -   ,"2,800.00",466.6,116.67,1,0000-00-00 00:00:00,0000-00-00 00:00:00
51,2587,1,"2,500.00",24,6, -   ,12.5, -   ,"2,800.00",583.27,116.67,1,0000-00-00 00:00:00,0000-00-00 00:00:00
52,2588,1,"3,000.00",48,6, -   ,15, -   ,"3,720.00","2,945.00",77.5,1,0000-00-00 00:00:00,0000-00-00 00:00:00
53,2589,1,"3,000.00", -   ,6, -   , -   , -   ,"3,360.00", -   , -   ,1,0000-00-00 00:00:00,0000-00-00 00:00:00
54,2591,1,"3,000.00",36,6, -   ,15, -   ,"3,540.00","2,891.96",99.72,1,0000-00-00 00:00:00,0000-00-00 00:00:00
55,2592,1,"3,000.00",48,6, -   ,15, -   ,"3,720.00","3,022.50",77.5,1,0000-00-00 00:00:00,0000-00-00 00:00:00
56,2593,1,"3,000.00",48,6, -   ,15, -   ,"3,720.00","3,022.50",77.5,1,0000-00-00 00:00:00,0000-00-00 00:00:00
57,2663,1,"3,000.00",48,6, -   ,15, -   ,"3,720.00","2,220.00",77.5,1,0000-00-00 00:00:00,0000-00-00 00:00:00
58,2674,1,"3,000.00",24,6, -   , -   , -   ,"3,360.00","3,360.00", -   ,1,0000-00-00 00:00:00,0000-00-00 00:00:00
59,2688,1,"3,000.00",48,6, -   ,15, -   ,"3,720.00","1,860.00",77.5,1,0000-00-00 00:00:00,0000-00-00 00:00:00
60,2694,1,"3,000.00",36,6, -   ,15, -   ,"3,540.00","3,290.84",99.72,1,0000-00-00 00:00:00,0000-00-00 00:00:00
61,2700,1,"3,000.00", -   ,6, -   , -   , -   ,"3,360.00", -   , -   ,1,0000-00-00 00:00:00,0000-00-00 00:00:00
62,2701,1,"3,000.00",48,6, -   ,15, -   ,"3,720.00","1,937.50",77.5,1,0000-00-00 00:00:00,0000-00-00 00:00:00
63,2707,1,"3,000.00",12,6, -   ,15, -   ,"3,180.00",795.04,265,1,0000-00-00 00:00:00,0000-00-00 00:00:00
64,2725,1,"3,000.00",36,6, -   ,15, -   ,"3,540.00",491.77,98.33,1,0000-00-00 00:00:00,0000-00-00 00:00:00
65,2727,1,"3,000.00",36,6, -   ,15, -   ,"3,540.00","3,390.56",99.72,1,0000-00-00 00:00:00,0000-00-00 00:00:00
66,2740,1,"3,000.00",48,6, -   , -   , -   ,"3,540.00","1,742.00", -   ,1,0000-00-00 00:00:00,0000-00-00 00:00:00
67,2742,1,"3,000.00",48,6, -   ,15, -   ,"3,720.00","3,612.92",78.54,1,0000-00-00 00:00:00,0000-00-00 00:00:00
68,2755,1,"3,000.00",36,6, -   , -   , -   ,"3,540.00","1,867.83", -   ,1,0000-00-00 00:00:00,0000-00-00 00:00:00
69,2759,1,"3,000.00",48,6, -   ,15, -   ,"3,720.00","3,534.38",78.54,1,0000-00-00 00:00:00,0000-00-00 00:00:00
70,2763,1,"3,000.00",24,6, -   , -   , -   ,"3,360.00",980, -   ,1,0000-00-00 00:00:00,0000-00-00 00:00:00
71,2770,1,"3,000.00",30,6,50,15, -   ,"3,450.00","3,033.32",66.67,1,0000-00-00 00:00:00,0000-00-00 00:00:00
72,2771,1,"3,000.00",48,6,50,50,1.56,"3,720.00","2,699.58",167.92,1,0000-00-00 00:00:00,0000-00-00 00:00:00
73,2773,1,"3,000.00",48,6, -   ,15, -   ,"3,720.00","2,635.00",77.5,1,0000-00-00 00:00:00,0000-00-00 00:00:00
74,2775,1,"3,000.00",24,6, -   ,15, -   ,"3,360.00","3,267.92",92.08,1,0000-00-00 00:00:00,0000-00-00 00:00:00
75,2778,1,"3,000.00",24,6, -   ,15, -   ,"3,360.00","2,100.00",140,1,0000-00-00 00:00:00,0000-00-00 00:00:00
76,2808,1,"3,000.00",48,6, -   ,15, -   ,"3,720.00","3,612.92",78.54,1,0000-00-00 00:00:00,0000-00-00 00:00:00
77,2812,1,"3,000.00",48,6, -   ,15, -   ,"3,720.00","3,455.84",78.54,1,0000-00-00 00:00:00,0000-00-00 00:00:00
78,2813,1,"3,000.00",48,6, -   ,15, -   ,"3,720.00","2,092.50",77.5,1,0000-00-00 00:00:00,0000-00-00 00:00:00
79,2817,1,"3,000.00",24,6, -   ,15, -   ,"3,360.00","2,981.00",143,1,0000-00-00 00:00:00,0000-00-00 00:00:00
80,2832,1,"3,000.00",36,6, -   ,15, -   ,"3,540.00","3,040.00",100,1,0000-00-00 00:00:00,0000-00-00 00:00:00
81,2849,1,"3,000.00",36,6, -   ,15, -   ,"3,360.00","2,405.00",180,1,0000-00-00 00:00:00,0000-00-00 00:00:00
82,2853,1,"3,200.00",48,6, -   ,16, -   ,"3,968.00","2,810.62",82.67,1,0000-00-00 00:00:00,0000-00-00 00:00:00
83,2854,1,"3,200.00",24,6, -   ,16, -   ,"3,584.00","2,090.79",149.32,1,0000-00-00 00:00:00,0000-00-00 00:00:00
84,2860,1,"3,300.00",48,6, -   ,16.5, -   ,"4,092.00","3,239.50",85.25,1,0000-00-00 00:00:00,0000-00-00 00:00:00
85,2863,1,"3,300.00",36,6, -   ,16.5, -   ,"3,894.00","3,396.20",109.56,1,0000-00-00 00:00:00,0000-00-00 00:00:00
86,2864,1,"3,400.00",48,6, -   ,17.5, -   ,"4,216.00","4,216.00",62.5,1,0000-00-00 00:00:00,0000-00-00 00:00:00
87,2865,1,"3,500.00",60,6, -   ,17.5, -   ,"4,550.00","4,216.65",76.67,1,0000-00-00 00:00:00,0000-00-00 00:00:00
88,2870,1,"3,500.00",48,6, -   ,17.5, -   ,"4,340.00","3,841.24",91.46,1,0000-00-00 00:00:00,0000-00-00 00:00:00
89,2877,1,"3,500.00",36,6, -   ,17.5, -   ,"4,130.00","1,950.32",114.72,1,0000-00-00 00:00:00,0000-00-00 00:00:00
90,2878,1,"3,500.00",48,6, -   ,17.5, -   ,"4,340.00","3,435.80",90.42,1,0000-00-00 00:00:00,0000-00-00 00:00:00
91,2879,1,"3,500.00",48,6, -   ,17.5, -   ,"4,340.00","3,815.80",90.42,1,0000-00-00 00:00:00,0000-00-00 00:00:00
92,2896,1,"3,500.00",60,6,50,17.5, -   ,"4,550.00","4,523.33",26.67,1,0000-00-00 00:00:00,0000-00-00 00:00:00
93,2903,1,"3,500.00",24,6, -   ,17.5, -   ,"3,920.00","3,431.26",165.42,1,0000-00-00 00:00:00,0000-00-00 00:00:00
94,2904,1,"3,500.00",24,6, -   ,17.5, -   ,"3,920.00","3,092.95",165.41,1,0000-00-00 00:00:00,0000-00-00 00:00:00
95,2916,1,"3,600.00",24,6, -   ,18, -   ,"4,032.00","1,176.00",168,1,0000-00-00 00:00:00,0000-00-00 00:00:00
96,2920,1,"3,600.00",24,6, -   ,18, -   ,"4,032.00","3,231.60",170.08,1,0000-00-00 00:00:00,0000-00-00 00:00:00
97,2933,1,"3,700.00",36,6, -   ,18.5, -   ,"4,366.00","3,907.00",123,1,0000-00-00 00:00:00,0000-00-00 00:00:00
98,2945,1,"3,800.00",48,6, -   ,19, -   ,"4,712.00","1,766.38",98.18,1,0000-00-00 00:00:00,0000-00-00 00:00:00
99,2948,1,"4,000.00",48,6, -   ,20, -   ,"4,960.00","2,996.73",103.33,1,0000-00-00 00:00:00,0000-00-00 00:00:00
100,2979,1,"4,000.00",48,6, -   ,20, -   ,"4,960.00","3,720.04",103.33,1,0000-00-00 00:00:00,0000-00-00 00:00:00
101,2981,1,"4,000.00",48,6, -   ,20, -   ,"4,960.00","4,905.62",54.38,1,0000-00-00 00:00:00,0000-00-00 00:00:00
102,2982,1,"4,000.00",48,6, -   ,20, -   ,"4,960.00","3,040.06",103.33,1,0000-00-00 00:00:00,0000-00-00 00:00:00
103,2987,1,"4,000.00",48,6, -   ,20, -   ,"4,960.00","2,790.07",103.33,1,0000-00-00 00:00:00,0000-00-00 00:00:00
104,2989,1,"4,000.00",48,6, -   ,20, -   ,"4,960.00","3,823.37",103.33,1,0000-00-00 00:00:00,0000-00-00 00:00:00
105,2990,1,"4,000.00",36,6, -   ,20, -   ,"4,720.00","2,360.02",131.11,1,0000-00-00 00:00:00,0000-00-00 00:00:00
106,2992,1,"4,000.00",24,6, -   ,20, -   ,"4,480.00","1,493.28",186.67,1,0000-00-00 00:00:00,0000-00-00 00:00:00
107,2994,1,"4,000.00",36,6, -   ,20, -   ,"4,720.00","4,107.50",132.5,1,0000-00-00 00:00:00,0000-00-00 00:00:00
108,2996,1,"4,000.00",48,6, -   ,20, -   ,"4,960.00","3,714.04",103.33,1,0000-00-00 00:00:00,0000-00-00 00:00:00
109,2997,1,"4,000.00",48,6, -   ,20, -   ,"4,960.00",852.03,103.33,1,0000-00-00 00:00:00,0000-00-00 00:00:00
110,3010,1,"4,000.00",24,6, -   ,20, -   ,"4,480.00","3,586.25",188.75,1,0000-00-00 00:00:00,0000-00-00 00:00:00
111,3011,1,"4,000.00",24,6, -   ,20, -   ,"4,480.00","1,852.29",186.67,1,0000-00-00 00:00:00,0000-00-00 00:00:00
112,3012,1,"4,000.00",60,6, -   , -   , -   ,"5,200.00","5,200.00", -   ,1,0000-00-00 00:00:00,0000-00-00 00:00:00
113,3019,1,"4,000.00",48,6, -   ,20, -   ,"4,960.00","2,583.41",103.33,1,0000-00-00 00:00:00,0000-00-00 00:00:00
114,3020,1,"4,000.00",48,6, -   ,20, -   ,"4,960.00","3,410.05",103.33,1,0000-00-00 00:00:00,0000-00-00 00:00:00
115,3026,1,"4,000.00",36,6, -   ,20, -   ,"4,720.00","4,505.00",132.5,1,0000-00-00 00:00:00,0000-00-00 00:00:00
116,3028,1,"4,000.00",48,6, -   ,20, -   ,"4,960.00","4,383.72",104.38,1,0000-00-00 00:00:00,0000-00-00 00:00:00
117,3029,1,"4,000.00",60,6, -   ,20, -   ,"5,200.00","4,812.50",87.5,1,0000-00-00 00:00:00,0000-00-00 00:00:00
118,3035,1,"4,000.00",24,6, -   ,20, -   ,"4,960.00","2,799.97",186.67,1,0000-00-00 00:00:00,0000-00-00 00:00:00
119,3039,1,"4,000.00",48,6, -   ,15, -   ,"4,720.00","3,933.36",98.33,1,0000-00-00 00:00:00,0000-00-00 00:00:00
120,3043,1,"4,000.00",48,6, -   ,20, -   ,"4,960.00","3,823.37",103.33,1,0000-00-00 00:00:00,0000-00-00 00:00:00
121,3047,1,"4,000.00",48,6, -   ,20, -   ,"4,960.00","3,513.38",103.33,1,0000-00-00 00:00:00,0000-00-00 00:00:00
122,3053,1,"4,000.00",60,6, -   ,20, -   ,"5,200.00","4,725.00",87.5,1,0000-00-00 00:00:00,0000-00-00 00:00:00
123,3060,1,"4,000.00",48,6, -   ,20, -   ,"4,960.00","4,369.96",65.56,1,0000-00-00 00:00:00,0000-00-00 00:00:00
124,3068,1,"4,000.00",48,6, -   ,20, -   ,"4,960.00","3,032.73",103.33,1,0000-00-00 00:00:00,0000-00-00 00:00:00
125,3071,1,"4,000.00",48,6, -   ,20, -   ,"4,960.00","3,874.20",103.33,1,0000-00-00 00:00:00,0000-00-00 00:00:00
126,3077,1,"4,000.00",48,6, -   ,20, -   ,"4,960.00","2,273.50",103.33,1,0000-00-00 00:00:00,0000-00-00 00:00:00
127,3086,1,"4,000.00",48,6, -   ,20, -   ,"4,960.00","4,169.61",104.38,1,0000-00-00 00:00:00,0000-00-00 00:00:00
128,3087,1,"4,000.00",48,6, -   ,20, -   ,"4,960.00","2,069.76",103.33,1,0000-00-00 00:00:00,0000-00-00 00:00:00
129,3094,1,"4,000.00",48,6, -   , -   , -   ,"4,960.00","4,960.00", -   ,1,0000-00-00 00:00:00,0000-00-00 00:00:00
130,3097,1,"4,000.00",24,6, -   ,20, -   ,"4,480.00","3,763.00",189,1,0000-00-00 00:00:00,0000-00-00 00:00:00
131,3133,1,"4,000.00",48,6, -   ,20, -   ,"4,960.00","4,555.00",105,1,0000-00-00 00:00:00,0000-00-00 00:00:00
132,3141,1,"4,000.00",24,6, -   ,20, -   ,"4,480.00","3,018.63",186.67,1,0000-00-00 00:00:00,0000-00-00 00:00:00
133,3161,1,"4,200.00",48,6, -   ,21, -   ,"5,208.00","3,797.50",108.5,1,0000-00-00 00:00:00,0000-00-00 00:00:00
134,3163,1,"4,200.00",48,6, -   ,21, -   ,"5,208.00","4,014.10",108.5,1,0000-00-00 00:00:00,0000-00-00 00:00:00
135,3164,1,"4,200.00",60,6, -   ,21, -   ,"5,460.00","5,234.51",91.83,1,0000-00-00 00:00:00,0000-00-00 00:00:00
136,3177,1,"4,200.00",48,6, -   ,21, -   ,"5,208.00","3,689.00",108.5,1,0000-00-00 00:00:00,0000-00-00 00:00:00
137,3177,1,"4,300.00",48,6, -   ,21.5, -   ,"5,332.00","4,547.51",112.07,1,0000-00-00 00:00:00,0000-00-00 00:00:00
138,3193,1,"4,400.00",48,6, -   ,22, -   ,"5,456.00","3,182.60",113.67,1,0000-00-00 00:00:00,0000-00-00 00:00:00
139,3201,1,"4,500.00",48,6, -   ,22.5, -   ,"5,580.00","3,952.50",116.25,1,0000-00-00 00:00:00,0000-00-00 00:00:00
140,3211,1,"4,500.00",24,6, -   ,22.5, -   ,"5,040.00","1,050.00",210,1,0000-00-00 00:00:00,0000-00-00 00:00:00
141,3230,1,"4,500.00",48,6, -   ,22.5, -   ,"5,580.00","4,417.50",116.25,1,0000-00-00 00:00:00,0000-00-00 00:00:00
142,3237,1,"4,500.00",48,6, -   ,22.5, -   ,"5,580.00","3,720.00",116.25,1,0000-00-00 00:00:00,0000-00-00 00:00:00
143,3241,1,"4,500.00",48,6, -   ,22.5, -   ,"5,580.00","4,301.25",116.25,1,0000-00-00 00:00:00,0000-00-00 00:00:00
144,3248,1,"4,500.00",48,6, -   ,22.5, -   ,"5,580.00","5,278.13",117.29,1,0000-00-00 00:00:00,0000-00-00 00:00:00
145,3292,1,"4,600.00",60,6, -   ,20, -   ,"5,980.00","5,876.67",103.33,1,0000-00-00 00:00:00,0000-00-00 00:00:00
146,3305,1,"4,700.00",48,6, -   ,23.5, -   ,"5,828.00","3,114.30",121.42,1,0000-00-00 00:00:00,0000-00-00 00:00:00
147,3308,1,"5,000.00",60,6, -   ,25,1.22,"6,500.00","6,440.83",59.17,1,0000-00-00 00:00:00,0000-00-00 00:00:00
148,3316,1,"5,000.00",36,6, -   ,25, -   ,"5,900.00","3,933.32",163.89,1,0000-00-00 00:00:00,0000-00-00 00:00:00
149,3320,1,"5,000.00",60,6, -   ,25,0.9,"6,500.00","6,995.85",109.17,1,0000-00-00 00:00:00,0000-00-00 00:00:00
150,3321,1,"5,000.00",60,6, -   ,25,1.44,"6,500.00","6,390.84",109.16,1,0000-00-00 00:00:00,0000-00-00 00:00:00
151,3322,1,"5,000.00",48,6, -   ,25, -   ,"6,200.00","3,487.43",129.17,1,0000-00-00 00:00:00,0000-00-00 00:00:00
152,3334,1,"5,000.00",60,6, -   ,25,0.79,"6,500.00","6,440.83",59.17,1,0000-00-00 00:00:00,0000-00-00 00:00:00
153,3335,1,"5,000.00",48,6, -   ,25, -   ,"6,200.00","5,037.47",129.17,1,0000-00-00 00:00:00,0000-00-00 00:00:00
154,3344,1,"5,000.00",48,6, -   ,25, -   ,"6,200.00","3,024.21",129.17,1,0000-00-00 00:00:00,0000-00-00 00:00:00
155,3363,1,"5,000.00",48,6, -   ,25, -   ,"6,500.00","3,874.94",129.17,1,0000-00-00 00:00:00,0000-00-00 00:00:00
156,3367,1,"5,000.00",60,6, -   ,25,0.78,"6,500.00","6,113.32",109.17,1,0000-00-00 00:00:00,0000-00-00 00:00:00
157,3381,1,"5,000.00",24,6, -   ,25, -   ,"5,600.00",13.16,233.33,1,0000-00-00 00:00:00,0000-00-00 00:00:00
158,3385,1,"5,000.00", -   ,6, -   , -   , -   ,"6,200.00","3,358.34", -   ,1,0000-00-00 00:00:00,0000-00-00 00:00:00
159,3395,1,"5,000.00",60,6, -   ,25, -   ,"6,200.00","5,331.81",131.33,1,0000-00-00 00:00:00,0000-00-00 00:00:00
160,3405,1,"5,000.00",48,6, -   ,25, -   ,"6,200.00","2,682.20",163.89,1,0000-00-00 00:00:00,0000-00-00 00:00:00
161,3420,1,"5,000.00",48,6, -   ,25, -   ,"6,200.00",129.33,129.17,1,0000-00-00 00:00:00,0000-00-00 00:00:00
162,3431,1,"5,000.00",48,6, -   ,25, -   ,"6,200.00","5,275.02",132.14,1,0000-00-00 00:00:00,0000-00-00 00:00:00
163,3438,1,"5,000.00",48,6, -   ,25, -   ,"6,200.00","4,779.13",129.17,1,0000-00-00 00:00:00,0000-00-00 00:00:00
164,3446,1,"5,000.00",48,6, -   ,25, -   ,"6,200.00","4,779.13",129.17,1,0000-00-00 00:00:00,0000-00-00 00:00:00
165,3447,1,"5,000.00",48,6, -   ,25, -   ,"6,200.00","3,461.75",142.08,1,0000-00-00 00:00:00,0000-00-00 00:00:00
166,3452,1,"5,000.00",60,6, -   ,25,0.78,"6,500.00","6,331.12",109.17,1,0000-00-00 00:00:00,0000-00-00 00:00:00
167,3457,1,"5,000.00",48,6, -   ,25, -   ,"6,200.00","4,262.45",129.17,1,0000-00-00 00:00:00,0000-00-00 00:00:00
168,3459,1,"5,000.00",60,6, -   ,25,0.84,"6,500.00","6,004.15",109.17,1,0000-00-00 00:00:00,0000-00-00 00:00:00
169,3464,1,"5,000.00",60,6, -   ,25, -   ,"6,500.00","5,894.98",109.17,1,0000-00-00 00:00:00,0000-00-00 00:00:00
170,3473,1,"5,000.00",36,6, -   ,25, -   ,"5,900.00","4,775.11",168.27,1,0000-00-00 00:00:00,0000-00-00 00:00:00
171,3480,1,"5,000.00",48,6, -   ,25, -   ,"6,200.00","4,908.30",129.17,1,0000-00-00 00:00:00,0000-00-00 00:00:00
172,3487,1,"5,000.00",48,6, -   ,25, -   ,"6,200.00", -   ,129.17,1,0000-00-00 00:00:00,0000-00-00 00:00:00
173,3489,1,"5,000.00",60,6, -   ,25,1.06,"6,500.00","5,894.98",109.17,1,0000-00-00 00:00:00,0000-00-00 00:00:00
174,3496,1,"5,000.00",60,6, -   ,25, -   ,"6,200.00","5,160.55",130.14,1,0000-00-00 00:00:00,0000-00-00 00:00:00
175,3507,1,"5,000.00",60,6, -   ,25,1.06,"6,500.00","6,222.49",109.17,1,0000-00-00 00:00:00,0000-00-00 00:00:00
176,3510,1,"5,000.00",60,6, -   ,25, -   ,"6,500.00","5,589.75",114.56,1,0000-00-00 00:00:00,0000-00-00 00:00:00
177,3516,1,"5,000.00",60,6, -   ,25,2.78,"6,500.00","6,222.46",109.18,1,0000-00-00 00:00:00,0000-00-00 00:00:00
178,3527,1,"5,000.00",60,6, -   , -   , -   ,"6,200.00","6,200.00", -   ,1,0000-00-00 00:00:00,0000-00-00 00:00:00
179,3529,1,"5,000.00",36,6, -   , -   , -   ,"5,900.00","3,066.42", -   ,1,0000-00-00 00:00:00,0000-00-00 00:00:00
180,3539,1,"5,000.00",60,6, -   ,25,5.09,"6,500.00","6,222.49",109.17,1,0000-00-00 00:00:00,0000-00-00 00:00:00
181,3551,1,"5,000.00",36,6, -   ,25,0.8,"5,900.00","5,619.46",165.27,1,0000-00-00 00:00:00,0000-00-00 00:00:00
182,3557,1,"5,000.00",36,6, -   ,25, -   ,"5,900.00","2,458.39",163.89,1,0000-00-00 00:00:00,0000-00-00 00:00:00
183,3575,1,"5,000.00",48,6, -   ,25, -   ,"6,200.00","4,133.28",129.17,1,0000-00-00 00:00:00,0000-00-00 00:00:00
184,3593,1,"5,000.00",48,6, -   ,25, -   ,"6,200.00","2,841.58",129.17,1,0000-00-00 00:00:00,0000-00-00 00:00:00
185,3605,1,"5,000.00",60,6, -   , -   , -   ,"5,900.00","5,900.00", -   ,1,0000-00-00 00:00:00,0000-00-00 00:00:00
186,3636,1,"5,000.00",60,6, -   ,25,1.35,"5,900.00","5,784.35",115.65,1,0000-00-00 00:00:00,0000-00-00 00:00:00
187,3637,1,"5,000.00",36,6, -   ,25,1.01,"5,900.00","5,245.85",166.29,1,0000-00-00 00:00:00,0000-00-00 00:00:00
188,3640,1,"5,000.00",36,6, -   ,25,0.8,"5,900.00","5,286.52",166.07,1,0000-00-00 00:00:00,0000-00-00 00:00:00
189,3658,1,"5,010.00", -   ,6, -   , -   , -   , -   , -   , -   ,1,0000-00-00 00:00:00,0000-00-00 00:00:00
190,3672,1,"5,100.00",48,6, -   ,25.5, -   ,"6,300.00","2,766.75",131.75,1,0000-00-00 00:00:00,0000-00-00 00:00:00
191,3676,1,"5,300.00",48,6, -   ,26, -   ,"6,572.00","4,035.22",134.33,1,0000-00-00 00:00:00,0000-00-00 00:00:00
192,3692,1,"5,500.00",60,6, -   ,27.5,1.28,"7,150.00","7,080.00",70,1,0000-00-00 00:00:00,0000-00-00 00:00:00
193,3698,1,"5,500.00",48,6, -   ,27.5, -   ,"6,820.00","4,262.56",142.08,1,0000-00-00 00:00:00,0000-00-00 00:00:00
194,688,1,"6,000.00",48,6, -   ,30, -   ,"7,440.00","4,960.00",155,1,0000-00-00 00:00:00,0000-00-00 00:00:00
195,1538,1,"6,000.00",60,6, -   ,30,1.72,"7,800.00","7,064.96",130.84,1,0000-00-00 00:00:00,0000-00-00 00:00:00
196,1676,1,"6,000.00",48,6, -   ,30, -   ,"7,440.00","5,116.20",155,1,0000-00-00 00:00:00,0000-00-00 00:00:00
197,1693,1,"6,000.00",48,6, -   ,30, -   ,"7,440.00","1,085.00",155,1,0000-00-00 00:00:00,0000-00-00 00:00:00
198,1703,1,"6,000.00",48,6, -   ,30, -   ,"7,440.00","5,735.00",155,1,0000-00-00 00:00:00,0000-00-00 00:00:00
199,1760,1,"6,000.00",48,6, -   ,30, -   ,"7,440.00","5,735.00",155,1,0000-00-00 00:00:00,0000-00-00 00:00:00
200,1931,1,"6,000.00",48,6, -   ,30, -   ,"7,440.00","2,015.08",155,1,0000-00-00 00:00:00,0000-00-00 00:00:00
201,1936,1,"6,000.00",48,6, -   ,30, -   ,"7,440.00","6,630.06",130,1,0000-00-00 00:00:00,0000-00-00 00:00:00
202,1973,1,"6,000.00",48,6, -   ,30, -   ,"7,440.00","5,735.18",155,1,0000-00-00 00:00:00,0000-00-00 00:00:00
203,1974,1,"6,000.00",48,6, -   ,30, -   ,"7,440.00", -   ,155,1,0000-00-00 00:00:00,0000-00-00 00:00:00
204,1976,1,"6,000.00",48,6, -   ,30, -   ,"7,440.00","3,100.00",155,1,0000-00-00 00:00:00,0000-00-00 00:00:00
205,1983,1,"6,000.00",48,6, -   ,30, -   ,"7,440.00","3,255.00",155,1,0000-00-00 00:00:00,0000-00-00 00:00:00
206,1987,1,"6,000.00",48,6, -   ,30, -   ,"7,440.00","2,480.00",155,1,0000-00-00 00:00:00,0000-00-00 00:00:00
207,2000,1,"6,000.00",48,6, -   ,30, -   ,"7,440.00","6,045.00",155,1,0000-00-00 00:00:00,0000-00-00 00:00:00
208,2018,1,"6,000.00",48,6, -   ,30, -   ,"7,440.00","3,466.01",155,1,0000-00-00 00:00:00,0000-00-00 00:00:00
209,2045,1,"6,000.00",48,6, -   ,30, -   ,"7,440.00","2,480.00",155,1,0000-00-00 00:00:00,0000-00-00 00:00:00
210,2052,1,"6,000.00",48,6, -   ,30, -   ,"7,440.00","4,420.00",155,1,0000-00-00 00:00:00,0000-00-00 00:00:00
211,2150,1,"6,000.00",30,6,50,30,7.69,"7,080.00","5,861.96",148.06,1,0000-00-00 00:00:00,0000-00-00 00:00:00
212,2207,1,"6,000.00",24,6, -   ,30, -   ,"6,720.00","4,583.28",280,1,0000-00-00 00:00:00,0000-00-00 00:00:00
213,2208,1,"6,000.00",30,6, -   ,30, -   ,"7,440.00","3,255.00",155,1,0000-00-00 00:00:00,0000-00-00 00:00:00
214,2211,1,"6,000.00", -   ,6, -   , -   , -   ,"7,440.00","2,480.10", -   ,1,0000-00-00 00:00:00,0000-00-00 00:00:00
215,2214,1,"6,000.00",60,6, -   ,30,5.05,"7,800.00","7,357.51",180.83,1,0000-00-00 00:00:00,0000-00-00 00:00:00
216,2244,1,"6,000.00",48,6, -   ,30, -   ,"7,440.00","3,722.00",155,1,0000-00-00 00:00:00,0000-00-00 00:00:00
217,2263,1,"6,000.00",48,6, -   ,30, -   ,"7,440.00","3,255.00",155,1,0000-00-00 00:00:00,0000-00-00 00:00:00
218,2267,1,"6,000.00",48,6, -   ,30, -   ,"7,440.00","5,890.00",155,1,0000-00-00 00:00:00,0000-00-00 00:00:00
219,2284,1,"6,000.00",48,6, -   ,30, -   ,"7,440.00","1,540.00",155,1,0000-00-00 00:00:00,0000-00-00 00:00:00
220,2291,1,"6,000.00",48,6, -   ,30, -   ,"7,440.00",930,155,1,0000-00-00 00:00:00,0000-00-00 00:00:00
221,2295,1,"6,000.00",48,6, -   ,30, -   ,"7,440.00","3,416.00",155,1,0000-00-00 00:00:00,0000-00-00 00:00:00
222,2302,1,"6,000.00",60,6, -   ,30, -   ,"7,800.00","6,750.20",131.4,1,0000-00-00 00:00:00,0000-00-00 00:00:00
223,2305,1,"6,000.00",48,6, -   ,30, -   ,"7,440.00","5,115.00",155,1,0000-00-00 00:00:00,0000-00-00 00:00:00
224,2325,1,"6,000.00",60,6, -   ,25, -   ,"7,800.00","2,324.86",129.17,1,0000-00-00 00:00:00,0000-00-00 00:00:00
225,2331,1,"6,000.00",48,6, -   ,30, -   ,"7,440.00","6,401.50",155,1,0000-00-00 00:00:00,0000-00-00 00:00:00
226,2340,1,"6,000.00",60,6, -   ,30,1.55,"7,800.00","7,065.02",130.83,1,0000-00-00 00:00:00,0000-00-00 00:00:00
227,2363,1,"6,000.00",24,6, -   ,30, -   ,"6,720.00","3,640.00",280,1,0000-00-00 00:00:00,0000-00-00 00:00:00
228,2379,1,"6,000.00",60,6, -   ,30, -   ,"7,800.00","7,076.34",103.38,1,0000-00-00 00:00:00,0000-00-00 00:00:00
229,2381,1,"6,000.00",48,6, -   ,30, -   ,"7,440.00","1,080.00",200,1,0000-00-00 00:00:00,0000-00-00 00:00:00
230,2398,1,"6,000.00",48,6, -   ,30, -   ,"7,440.00","3,720.00",155,1,0000-00-00 00:00:00,0000-00-00 00:00:00
231,2401,1,"6,000.00",60,6, -   ,30,4.32,"7,080.00","6,729.56",202.38,1,0000-00-00 00:00:00,0000-00-00 00:00:00
232,2407,1,"6,300.00",60,6, -   ,31.5,0.99,"8,190.00","7,553.35",137.33,1,0000-00-00 00:00:00,0000-00-00 00:00:00
233,2409,1,"6,500.00",36,6, -   ,32.5, -   ,"7,670.00","4,261.04",213.06,1,0000-00-00 00:00:00,0000-00-00 00:00:00
234,2415,1,"6,500.00",48,6, -   ,32.5, -   ,"8,060.00","6,044.93",167.92,1,0000-00-00 00:00:00,0000-00-00 00:00:00
235,2464,1,"6,500.00",48,6, -   ,32.5, -   ,"8,060.00","4,365.76",167.92,1,0000-00-00 00:00:00,0000-00-00 00:00:00
236,2465,1,"6,500.00",48,6, -   ,32.5, -   ,"8,060.00","5,909.10",167.92,1,0000-00-00 00:00:00,0000-00-00 00:00:00
237,2466,1,"6,500.00",48,6, -   ,32.5, -   ,"8,060.00","1,511.12",167.92,1,0000-00-00 00:00:00,0000-00-00 00:00:00
238,2468,1,"6,500.00",48,6, -   ,32.5, -   ,"8,060.00","6,212.88",167.92,1,0000-00-00 00:00:00,0000-00-00 00:00:00
239,2470,1,"6,500.00",48,6, -   ,32.5, -   ,"8,060.00","6,246.56",167.92,1,0000-00-00 00:00:00,0000-00-00 00:00:00
240,2472,1,"6,500.00",48,6, -   ,32.5, -   ,"8,060.00","4,572.68",167.92,1,0000-00-00 00:00:00,0000-00-00 00:00:00
241,2474,1,"6,500.00",48,6, -   ,32.5, -   ,"8,060.00","5,708.76",167.92,1,0000-00-00 00:00:00,0000-00-00 00:00:00
242,2475,1,"6,500.00",48,6, -   ,32.5, -   ,"8,060.00","5,373.20",167.92,1,0000-00-00 00:00:00,0000-00-00 00:00:00
243,2478,1,"6,500.00",48,6, -   ,32.5, -   ,"8,060.00","3,952.50",116.25,1,0000-00-00 00:00:00,0000-00-00 00:00:00
244,2490,1,"6,500.00",48,6, -   ,32.5, -   ,"8,060.00","5,244.11",167.92,1,0000-00-00 00:00:00,0000-00-00 00:00:00
245,2506,1,"6,500.00",48,6, -   ,32.5, -   ,"8,060.00","4,893.36",167.92,1,0000-00-00 00:00:00,0000-00-00 00:00:00
246,2507,1,"6,500.00",48,6, -   ,32.5, -   ,"8,060.00","6,212.88",167.5,1,0000-00-00 00:00:00,0000-00-00 00:00:00
247,2508,1,"6,500.00",48,6, -   ,32.5, -   ,"8,060.00","5,554.12",167.92,1,0000-00-00 00:00:00,0000-00-00 00:00:00
248,2509,1,"6,500.00",48,6, -   ,32.5, -   ,"8,060.00","5,541.20",167.92,1,0000-00-00 00:00:00,0000-00-00 00:00:00
249,2510,1,"6,500.00",48,6, -   ,32.5, -   ,"8,060.00","3,694.08",167.92,1,0000-00-00 00:00:00,0000-00-00 00:00:00
250,2516,1,"6,500.00",48,6, -   ,32.5, -   ,"8,060.00","4,293.10",170,1,0000-00-00 00:00:00,0000-00-00 00:00:00
251,2524,1,"6,600.00",48,6, -   ,33,3.17,"8,184.00","7,204.70",171.55,1,0000-00-00 00:00:00,0000-00-00 00:00:00
252,2594,1,"6,700.00",48,6, -   ,33.5, -   ,838,"2,009.70",173.08,1,0000-00-00 00:00:00,0000-00-00 00:00:00
253,2599,1,"7,000.00",48,6, -   ,35, -   ,"8,680.00","7,157.62",240.92,1,0000-00-00 00:00:00,0000-00-00 00:00:00
254,2600,1,"7,000.00",48,6, -   ,35, -   ,"8,680.00","6,148.38",180.83,1,0000-00-00 00:00:00,0000-00-00 00:00:00
255,2601,1,"7,000.00",48,6, -   ,35, -   ,"8,680.00","7,050.06",180.83,1,0000-00-00 00:00:00,0000-00-00 00:00:00
256,2602,1,"7,000.00",48,6, -   ,35, -   ,"8,680.00","5,407.97",180.83,1,0000-00-00 00:00:00,0000-00-00 00:00:00
257,2603,1,"7,000.00",48,6, -   ,35, -   ,"8,680.00","2,686.78",180.83,1,0000-00-00 00:00:00,0000-00-00 00:00:00
258,2604,1,"7,000.00",48,6, -   ,35, -   ,"8,680.00","3,978.42",180.83,1,0000-00-00 00:00:00,0000-00-00 00:00:00
259,2605,1,"7,000.00",60,6, -   ,35,1.26,"9,100.00","8,691.99",152.67,1,0000-00-00 00:00:00,0000-00-00 00:00:00
260,2606,1,"7,000.00",48,6, -   ,35, -   ,"8,680.00","2,170.12",180.83,1,0000-00-00 00:00:00,0000-00-00 00:00:00
261,2607,1,"7,000.00",48,6, -   , -   , -   ,"8,680.00","7,894.07", -   ,1,0000-00-00 00:00:00,0000-00-00 00:00:00
262,2608,1,"7,000.00",48,6, -   ,35, -   ,"8,680.00","6,690.87",180.83,1,0000-00-00 00:00:00,0000-00-00 00:00:00
263,2611,1,"7,000.00",48,6, -   ,35, -   ,"8,680.00","4,701.85",180.83,1,0000-00-00 00:00:00,0000-00-00 00:00:00
264,2612,1,"7,000.00",48,6, -   ,35, -   ,"8,680.00","4,520.91",180.83,1,0000-00-00 00:00:00,0000-00-00 00:00:00
265,2644,1,"7,000.00",48,6, -   ,35, -   ,"8,680.00","6,871.70",180.83,1,0000-00-00 00:00:00,0000-00-00 00:00:00
266,2669,1,"7,000.00", -   ,6, -   ,35, -   ,"8,680.00","4,882.57",180.83,1,0000-00-00 00:00:00,0000-00-00 00:00:00
267,2672,1,"7,000.00",48,6, -   ,35, -   ,"8,680.00",904.31,180.83,1,0000-00-00 00:00:00,0000-00-00 00:00:00
268,2697,1,"7,000.00",48,6, -   ,35, -   ,"8,680.00","6,148.38",180.83,1,0000-00-00 00:00:00,0000-00-00 00:00:00
269,2704,1,"7,000.00",60,6, -   ,30, -   ,"9,100.00","8,389.60",142.08,1,0000-00-00 00:00:00,0000-00-00 00:00:00
270,2709,1,"7,000.00",36,6, -   ,35, -   ,"8,260.00","5,166.76",258.33,1,0000-00-00 00:00:00,0000-00-00 00:00:00
271,2714,1,"7,000.00",48,6, -   ,35, -   ,"8,680.00","1,446.80",180.83,1,0000-00-00 00:00:00,0000-00-00 00:00:00
272,2741,1,"7,000.00",48,6, -   ,35, -   ,"8,680.00","5,244.23",180.83,1,0000-00-00 00:00:00,0000-00-00 00:00:00
273,2753,1,"7,000.00",48,6, -   ,35, -   ,"8,680.00","1,774.54",180.83,1,0000-00-00 00:00:00,0000-00-00 00:00:00
274,2762,1,"7,000.00",48,6, -   ,35, -   ,"8,680.00","1,284.05",180.83,1,0000-00-00 00:00:00,0000-00-00 00:00:00
275,2768,1,"7,000.00",48,6, -   ,35, -   ,"8,680.00","3,797.75",180.83,1,0000-00-00 00:00:00,0000-00-00 00:00:00
276,2779,1,"7,000.00",48,6, -   ,35, -   ,"8,680.00","5,244.23",180.83,1,0000-00-00 00:00:00,0000-00-00 00:00:00
277,2780,1,"7,000.00",48,6, -   ,35, -   ,"8,680.00","4,520.91",180.83,1,0000-00-00 00:00:00,0000-00-00 00:00:00
278,2784,1,"7,000.00",12,6, -   ,35,6.36,"7,420.00","6,225.00",622.5,1,0000-00-00 00:00:00,0000-00-00 00:00:00
279,2788,1,"7,000.00",12,6, -   ,35, -   ,"7,420.00",618.29,618.33,1,0000-00-00 00:00:00,0000-00-00 00:00:00
280,2790,1,"7,000.00",36,6, -   ,35, -   ,"8,260.00","1,884.76",229.44,1,0000-00-00 00:00:00,0000-00-00 00:00:00
281,2802,1,"7,000.00",36,6, -   ,35, -   ,"8,260.00",229.28,229.44,1,0000-00-00 00:00:00,0000-00-00 00:00:00
282,2805,1,"7,000.00",48,6, -   ,35, -   ,"8,680.00","4,520.83",180.83,1,0000-00-00 00:00:00,0000-00-00 00:00:00
283,2806,1,"7,000.00",48,6, -   ,35, -   ,"8,680.00","4,882.57",180.83,1,0000-00-00 00:00:00,0000-00-00 00:00:00
284,2816,1,"7,000.00",48,6, -   ,35, -   ,"8,680.00","2,865.54",180.83,1,0000-00-00 00:00:00,0000-00-00 00:00:00
285,2818,1,"7,000.00",48,6, -   ,35, -   ,"8,680.00","5,890.37",180.83,1,0000-00-00 00:00:00,0000-00-00 00:00:00
286,2821,1,"7,000.00",48,6, -   ,35, -   ,"8,680.00","6,148.38",180.83,1,0000-00-00 00:00:00,0000-00-00 00:00:00
287,2851,1,"7,000.00",48,6, -   ,35, -   ,"8,680.00","4,520.91",180.83,1,0000-00-00 00:00:00,0000-00-00 00:00:00
288,2855,1,"7,000.00",24,6, -   ,35, -   ,"7,840.00",653.34,326.67,1,0000-00-00 00:00:00,0000-00-00 00:00:00
289,2856,1,"7,000.00",48,6, -   ,35, -   ,"8,680.00","2,893.44",180.83,1,0000-00-00 00:00:00,0000-00-00 00:00:00
290,2861,1,"7,000.00",48,6, -   ,35, -   ,"8,680.00","2,893.44",180.83,1,0000-00-00 00:00:00,0000-00-00 00:00:00
291,2862,1,"7,000.00",48,6, -   ,35, -   ,"8,680.00","5,425.06",180.83,1,0000-00-00 00:00:00,0000-00-00 00:00:00
292,2875,1,"7,000.00",48,6, -   ,35, -   ,"8,680.00","6,690.87",180.83,1,0000-00-00 00:00:00,0000-00-00 00:00:00
293,2880,1,"7,000.00",48,6, -   ,35, -   ,"8,680.00","6,690.87",180.83,1,0000-00-00 00:00:00,0000-00-00 00:00:00
294,2886,1,"7,000.00",48,6, -   ,35, -   ,"8,680.00","6,510.04",180.83,1,0000-00-00 00:00:00,0000-00-00 00:00:00
295,2889,1,"7,000.00",48,6, -   ,35, -   ,"8,680.00","6,871.70",180.83,1,0000-00-00 00:00:00,0000-00-00 00:00:00
296,2893,1,"7,000.00",48,6, -   ,35, -   ,"8,680.00","4,701.74",180.83,1,0000-00-00 00:00:00,0000-00-00 00:00:00
297,2895,1,"7,000.00",48,6, -   ,35, -   ,"8,680.00","5,248.73",180.33,1,0000-00-00 00:00:00,0000-00-00 00:00:00
298,2897,1,"7,000.00",36,6, -   ,35, -   ,"8,060.00","2,021.91",224.75,1,0000-00-00 00:00:00,0000-00-00 00:00:00
299,2906,1,"7,000.00",48,6, -   ,35, -   ,"8,680.00","5,063.36",180.83,1,0000-00-00 00:00:00,0000-00-00 00:00:00
300,2907,1,"7,000.00",48,6, -   ,35, -   ,"8,680.00","6,148.38",180.83,1,0000-00-00 00:00:00,0000-00-00 00:00:00
301,2917,1,"7,000.00",48,6, -   ,35, -   ,"8,680.00","5,605.89",180.83,1,0000-00-00 00:00:00,0000-00-00 00:00:00
302,2937,1,"7,000.00",48,6, -   ,35, -   ,"8,680.00","4,623.74",180.83,1,0000-00-00 00:00:00,0000-00-00 00:00:00
303,2941,1,"7,000.00",36,6, -   ,35, -   ,"8,260.00","5,645.10",229.44,1,0000-00-00 00:00:00,0000-00-00 00:00:00
304,2944,1,"7,000.00",48,6, -   ,35, -   ,"8,680.00","5,786.72",180.83,1,0000-00-00 00:00:00,0000-00-00 00:00:00
305,2947,1,"7,000.00",48,6, -   ,30, -   ,"8,680.00","4,855.25",180.83,1,0000-00-00 00:00:00,0000-00-00 00:00:00
306,2951,1,"7,000.00",48,6, -   ,35, -   ,"8,680.00","6,510.04",180.83,1,0000-00-00 00:00:00,0000-00-00 00:00:00
307,2958,1,"7,000.00",48,6, -   ,35, -   ,"8,680.00","6,871.70",180.83,1,0000-00-00 00:00:00,0000-00-00 00:00:00
308,2964,1,"7,000.00",48,6, -   ,35, -   ,"8,680.00","5,244.23",180.83,1,0000-00-00 00:00:00,0000-00-00 00:00:00
309,2966,1,"7,000.00", -   ,6, -   , -   , -   ,"8,680.00","2,828.61", -   ,1,0000-00-00 00:00:00,0000-00-00 00:00:00
310,2974,1,"7,000.00",48,6, -   ,35, -   ,"8,680.00",723.48,180.83,1,0000-00-00 00:00:00,0000-00-00 00:00:00
311,2984,1,"7,000.00",48,6, -   ,35, -   ,"8,680.00","5,425.06",180.83,1,0000-00-00 00:00:00,0000-00-00 00:00:00
312,2993,1,"7,000.00",48,6,75,35, -   ,"8,680.00","5,425.06",180.83,1,0000-00-00 00:00:00,0000-00-00 00:00:00
313,2998,1,"7,000.00",48,6,,35, -   ,"8,680.00","4,645.91",180.83,1,0000-00-00 00:00:00,0000-00-00 00:00:00
314,3002,1,"7,000.00",48,6, -   ,35, -   ,"8,680.00","3,152.27",180.83,1,0000-00-00 00:00:00,0000-00-00 00:00:00
315,3014,1,"7,000.00",60,6, -   ,50,13.89,"13,000.00","11,914.74",231.39,1,0000-00-00 00:00:00,0000-00-00 00:00:00
316,3016,1,"7,000.00",48,6, -   ,35, -   ,"8,680.00","6,349.21",180.83,1,0000-00-00 00:00:00,0000-00-00 00:00:00
317,3017,1,"7,000.00",35,6, -   ,35, -   ,"8,680.00","5,063.40",180.83,1,0000-00-00 00:00:00,0000-00-00 00:00:00
318,3022,1,"7,000.00",48,6, -   ,35, -   ,"8,680.00","3,074.27",180.83,1,0000-00-00 00:00:00,0000-00-00 00:00:00
319,3024,1,"7,000.00",30,6, -   ,35, -   ,"8,050.00","2,626.89",268.33,1,0000-00-00 00:00:00,0000-00-00 00:00:00
320,3027,1,"7,000.00",48,6, -   ,35, -   ,"8,680.00","6,406.70",180.83,1,0000-00-00 00:00:00,0000-00-00 00:00:00
321,3036,1,"7,000.00",48,6, -   ,35, -   ,"8,680.00",919.73,180.83,1,0000-00-00 00:00:00,0000-00-00 00:00:00
322,3038,1,"7,000.00",48,6, -   ,35, -   ,"8,680.00","3,978.42",180.83,1,0000-00-00 00:00:00,0000-00-00 00:00:00
323,3042,1,"7,000.00",48,6, -   ,30, -   ,"8,680.00","3,978.42",180.83,1,0000-00-00 00:00:00,0000-00-00 00:00:00
324,3050,1,"7,000.00",48,6, -   ,35, -   ,"8,680.00","3,435.93",180.83,1,0000-00-00 00:00:00,0000-00-00 00:00:00
325,3078,1,"7,000.00",36,6, -   ,35, -   ,"8,260.00","1,606.24",229.44,1,0000-00-00 00:00:00,0000-00-00 00:00:00
326,3084,1,"7,000.00",24,6, -   ,35, -   ,"7,840.00","3,266.66",326.67,1,0000-00-00 00:00:00,0000-00-00 00:00:00
327,3093,1,"7,000.00",48,6, -   ,30, -   ,"8,680.00","2,946.44",180.83,1,0000-00-00 00:00:00,0000-00-00 00:00:00
328,3099,1,"7,000.00",48,6, -   ,35, -   ,"8,680.00","4,659.74",180.83,1,0000-00-00 00:00:00,0000-00-00 00:00:00
329,3100,1,"7,000.00",48,6, -   ,35, -   ,"8,680.00","3,487.59",180.83,1,0000-00-00 00:00:00,0000-00-00 00:00:00
330,3135,1,"7,000.00",48,6, -   ,35, -   ,"8,680.00","5,474.62",180.83,1,0000-00-00 00:00:00,0000-00-00 00:00:00
331,3139,1,"7,000.00",48,6, -   ,35, -   ,"8,680.00","5,244.23",180.83,1,0000-00-00 00:00:00,0000-00-00 00:00:00
332,3187,1,"7,000.00",48,6, -   ,35, -   ,"8,680.00","2,350.95",180.83,1,0000-00-00 00:00:00,0000-00-00 00:00:00
333,3206,1,"7,000.00",60,6, -   ,35,1.11,"9,100.00","8,235.00",152.5,1,0000-00-00 00:00:00,0000-00-00 00:00:00
334,3209,1,"7,000.00",48,6, -   ,35, -   ,"8,680.00","4,701.74",180.83,1,0000-00-00 00:00:00,0000-00-00 00:00:00
335,3250,1,"7,000.00",48,6, -   ,35, -   ,"8,680.00","6,860.39",180.83,1,0000-00-00 00:00:00,0000-00-00 00:00:00
336,3298,1,"7,000.00",48,6, -   , -   , -   ,"8,680.00","8,473.34", -   ,1,0000-00-00 00:00:00,0000-00-00 00:00:00
337,3325,1,"7,000.00",48,6, -   , -   , -   ,"8,680.00","6,964.50", -   ,1,0000-00-00 00:00:00,0000-00-00 00:00:00
338,3326,1,"7,000.00",48,6, -   , -   , -   ,"8,680.00","3,439.40", -   ,1,0000-00-00 00:00:00,0000-00-00 00:00:00
339,3331,1,"7,200.00",60,6, -   ,36,1.4,"9,360.00","8,469.02",156.83,1,0000-00-00 00:00:00,0000-00-00 00:00:00
340,3339,1,"7,280.00",48,6, -   ,36.4, -   ,"9,027.20","5,821.51",188.57,1,0000-00-00 00:00:00,0000-00-00 00:00:00
341,3345,1,"7,400.00",60,6, -   ,37,5.09,"9,620.00","8,864.15",161.17,1,0000-00-00 00:00:00,0000-00-00 00:00:00
342,3370,1,"7,400.00",36,6, -   ,37,3.89,"8,732.00","7,844.57",247.83,1,0000-00-00 00:00:00,0000-00-00 00:00:00
343,3390,1,"7,500.00",48,6, -   ,37.5, -   ,"9,300.00","1,356.25",193.75,1,0000-00-00 00:00:00,0000-00-00 00:00:00
344,3393,1,"7,500.00",48,6, -   ,37.5, -   ,"9,300.00","6,161.77",193.75,1,0000-00-00 00:00:00,0000-00-00 00:00:00
345,3398,1,"7,600.00",48,6, -   ,38, -   ,"9,424.00","1,232.55",196.33,1,0000-00-00 00:00:00,0000-00-00 00:00:00
346,3406,1,"7,600.00",60,6, -   ,38,11.89,"9,880.00","9,465.60",154.8,1,0000-00-00 00:00:00,0000-00-00 00:00:00
347,3409,1,"7,700.00",48,6, -   ,38.5, -   ,"9,548.00","6,837.20",198.92,1,0000-00-00 00:00:00,0000-00-00 00:00:00
348,3414,1,"7,800.00",30,6, -   ,39, -   ,"8,970.00","1,525.67",299,1,0000-00-00 00:00:00,0000-00-00 00:00:00
349,3415,1,"7,800.00",48,6, -   ,39, -   ,"9,672.00",290,191.5,1,0000-00-00 00:00:00,0000-00-00 00:00:00
350,3427,1,"8,000.00",60,6, -   , -   , -   ,"10,400.00","10,400.00", -   ,1,0000-00-00 00:00:00,0000-00-00 00:00:00
351,3442,1,"8,000.00",60,6, -   , -   ,75.09,"10,400.00","10,400.00", -   ,1,0000-00-00 00:00:00,0000-00-00 00:00:00
352,3444,1,"8,000.00",60,6, -   ,40,1.25,"10,400.00","9,753.32",174.17,1,0000-00-00 00:00:00,0000-00-00 00:00:00
353,3445,1,"8,000.00",48,6, -   ,40,11.88,"9,920.00","8,723.74",207.71,1,0000-00-00 00:00:00,0000-00-00 00:00:00
354,3448,1,"8,000.00",60,6, -   ,40, -   ,"10,400.00","9,780.02",103.33,1,0000-00-00 00:00:00,0000-00-00 00:00:00
355,3463,1,"8,000.00",60,6, -   ,40,4.46,"10,400.00","9,404.98",174.17,1,0000-00-00 00:00:00,0000-00-00 00:00:00
356,3471,1,"8,000.00",60,6, -   ,40,2.92,"10,400.00","9,927.49",174.17,1,0000-00-00 00:00:00,0000-00-00 00:00:00
357,3472,1,"8,000.00",60,6, -   ,40, -   ,"10,400.00","8,966.18",180.07,1,0000-00-00 00:00:00,0000-00-00 00:00:00
358,3479,1,"8,000.00",48,6, -   ,40, -   ,"9,920.00","8,059.97",206.67,1,0000-00-00 00:00:00,0000-00-00 00:00:00
359,3481,1,"8,000.00",60,6, -   ,40,2.56,"10,400.00","9,404.98",174.17,1,0000-00-00 00:00:00,0000-00-00 00:00:00
360,3492,1,"8,000.00",60,6, -   ,40,1.26,"10,400.00","10,101.68",174.16,1,0000-00-00 00:00:00,0000-00-00 00:00:00
361,3499,1,"8,000.00",60,6, -   ,40,1.26,"10,400.00","9,753.36",174.16,1,0000-00-00 00:00:00,0000-00-00 00:00:00
362,3525,1,"8,400.00",36,6, -   ,42, -   ,"10,030.00","4,710.00",280,1,0000-00-00 00:00:00,0000-00-00 00:00:00
363,3534,1,"8,600.00",60,6, -   ,43,5.33,"11,180.00","10,294.15",187.17,1,0000-00-00 00:00:00,0000-00-00 00:00:00
364,3535,1,"8,600.00",60,6, -   ,43,6.55,"11,180.00","10,294.15",187.17,1,0000-00-00 00:00:00,0000-00-00 00:00:00
365,3540,1,"8,600.00",60,6, -   ,43,1.35,"11,180.00","10,668.52",187.16,1,0000-00-00 00:00:00,0000-00-00 00:00:00
366,3546,1,"9,000.00",48,6,,45, -   ,"11,160.00","4,192.11",206.67,1,0000-00-00 00:00:00,0000-00-00 00:00:00
367,3550,1,"9,000.00",48,6, -   ,45, -   ,"11,160.00","3,022.50",232.5,1,0000-00-00 00:00:00,0000-00-00 00:00:00
368,3554,1,"9,000.00",60,6, -   ,45,6.19,"11,700.00","10,574.96",195.84,1,0000-00-00 00:00:00,0000-00-00 00:00:00
369,3559,1,"9,000.00",60,6, -   ,45,1.91,"11,700.00","10,770.85",195.83,1,0000-00-00 00:00:00,0000-00-00 00:00:00
370,3577,1,"9,000.00",60,6, -   , -   , -   ,"11,700.00","11,700.00", -   ,1,0000-00-00 00:00:00,0000-00-00 00:00:00
371,3578,1,"9,000.00",60,6, -   ,45,1.41,"11,700.00","11,358.32",195.84,1,0000-00-00 00:00:00,0000-00-00 00:00:00
372,3583,1,"10,000.00",36,6, -   ,50,14.39,"11,800.00","10,533.32",329.17,1,0000-00-00 00:00:00,0000-00-00 00:00:00
373,3584,1,"10,000.00",60,6, -   ,50,13.89,"13,000.00","11,527.50",217.5,1,0000-00-00 00:00:00,0000-00-00 00:00:00
374,3586,1,"10,000.00",60,6, -   ,50,8.42,"13,000.00","12,180.00",217.5,1,0000-00-00 00:00:00,0000-00-00 00:00:00
375,3622,1,"10,000.00",60,6, -   ,50,9.27,"13,000.00","11,505.31",220.67,1,0000-00-00 00:00:00,0000-00-00 00:00:00
376,3632,1,"10,000.00",60,6, -   ,50,8.42,"13,000.00","12,180.00",217.5,1,0000-00-00 00:00:00,0000-00-00 00:00:00
377,3635,1,"10,000.00",60,6, -   ,50,7.62,"13,000.00","11,992.48",167.92,1,0000-00-00 00:00:00,0000-00-00 00:00:00
378,3643,1,"10,000.00",60,6, -   ,50,1.59,"13,000.00","12,397.50",217.5,1,0000-00-00 00:00:00,0000-00-00 00:00:00
379,3648,1,"10,000.00",60,6, -   ,50, -   ,"13,000.00","12,095.85",180.83,1,0000-00-00 00:00:00,0000-00-00 00:00:00
380,3681,1,"10,000.00",48,6,50,50,11.87,"12,400.00","11,544.78",209.37,1,0000-00-00 00:00:00,0000-00-00 00:00:00
381,3694,1,"10,000.00",48,6, -   ,50,13.2,"12,400.00","11,671.86",259.38,1,0000-00-00 00:00:00,0000-00-00 00:00:00
382,3704,1,"10,000.00",60,6, -   ,50,1.62,"13,000.00","12,180.00",217.5,1,0000-00-00 00:00:00,0000-00-00 00:00:00
383,Y768,1,"10,000.00",60,6, -   ,50, -   ,"13,000.00","11,201.75",225.94,1,0000-00-00 00:00:00,0000-00-00 00:00:00
384,Y769,1,"10,000.00",60,6, -   ,50,8.42,"13,000.00","12,832.50",167.5,1,0000-00-00 00:00:00,0000-00-00 00:00:00
385,Y770,1,"10,000.00",60,6,50,50,11.23,"13,000.00","11,492.50",167.5,1,0000-00-00 00:00:00,0000-00-00 00:00:00
386,Y771,1,"10,000.00",60,6, -   ,50,8.33,"13,000.00","11,745.00",217.5,1,0000-00-00 00:00:00,0000-00-00 00:00:00
387,1125,1,"10,000.00",60,6, -   ,50,5.58,"13,000.00","12,601.67",217.5,1,0000-00-00 00:00:00,0000-00-00 00:00:00
388,F920,1,"10,000.00",60,6,50,50,6.68,"13,000.00","12,832.50",167.5,1,0000-00-00 00:00:00,0000-00-00 00:00:00
389,F921,1,"10,000.00",60,6,50,50,3.2,"13,000.00","12,832.50",167.5,1,0000-00-00 00:00:00,0000-00-00 00:00:00
390,F922,1,"10,000.00",60,6, -   ,50,6.88,"13,000.00","12,615.00",217.5,1,0000-00-00 00:00:00,0000-00-00 00:00:00
391,F923,1,"10,000.00",60,6, -   ,50,9.27,"13,000.00","11,745.00",217.5,1,0000-00-00 00:00:00,0000-00-00 00:00:00
392,F924,1,"10,000.00",48,6, -   ,50,3.07,"12,400.00","10,893.78",259.37,1,0000-00-00 00:00:00,0000-00-00 00:00:00
393,F925,1,"10,000.00",60,6, -   ,50,3.2,"13,000.00","12,615.00",217.5,1,0000-00-00 00:00:00,0000-00-00 00:00:00
394,F926,1,"10,000.00",24,6, -   ,50,3.47,"11,200.00","8,906.25",468.75,1,0000-00-00 00:00:00,0000-00-00 00:00:00
395,F927,1,"10,000.00",60,6,50,50,9.27,"13,000.00","12,832.50",167.5,1,0000-00-00 00:00:00,0000-00-00 00:00:00
396,E169,1,"10,000.00",60,6, -   ,50,10.18,"13,000.00","12,397.50",217.5,1,0000-00-00 00:00:00,0000-00-00 00:00:00
397,E170,1,"10,000.00",60,6, -   , -   , -   ,"13,000.00","13,000.00", -   ,1,0000-00-00 00:00:00,0000-00-00 00:00:00
398,E171,1,"10,000.00",60,6, -   ,50,4.48,"13,000.00","11,962.50",217.5,1,0000-00-00 00:00:00,0000-00-00 00:00:00
399,E172,1,"10,000.00",60,6, -   ,50,5,"13,000.00",300.17,217.5,1,0000-00-00 00:00:00,0000-00-00 00:00:00
400,B101,1,"10,000.00",60,6, -   ,50,10.18,"13,000.00","11,745.00",217.5,1,0000-00-00 00:00:00,0000-00-00 00:00:00
401,B103,1,"10,000.00",60,6, -   ,50,7.62,"13,000.00","12,615.00",217.5,1,0000-00-00 00:00:00,0000-00-00 00:00:00
402,B104,1,"10,000.00",60,6, -   ,50,5.58,"13,000.00","11,745.00",217.5,1,0000-00-00 00:00:00,0000-00-00 00:00:00
403,B105,1,"10,000.00",60,6, -   ,50,4.01,"13,000.00","11,962.50",217.5,1,0000-00-00 00:00:00,0000-00-00 00:00:00
404,B106,1,"10,000.00",36,6, -   ,50,461.5,"11,800.00","10,862.49",329.17,1,0000-00-00 00:00:00,0000-00-00 00:00:00
405,B107,1,"10,000.00",60,6, -   ,50, -   ,"13,000.00","11,218.48",223.55,1,0000-00-00 00:00:00,0000-00-00 00:00:00
406,B108,1,"10,000.00",60,6, -   ,50,5.58,"13,000.00","12,397.53",217.49,1,0000-00-00 00:00:00,0000-00-00 00:00:00
407,B109,1,"10,000.00",48,6, -   ,50, -   ,"12,400.00","10,270.85",267.26,1,0000-00-00 00:00:00,0000-00-00 00:00:00
408,B10,1,"10,000.00",60,6, -   ,50, -   ,"13,000.00","11,962.50",217.5,1,0000-00-00 00:00:00,0000-00-00 00:00:00
409,C556,1,"10,000.00",60,6, -   ,50, -   ,"13,000.00","11,502.62",229.94,1,0000-00-00 00:00:00,0000-00-00 00:00:00
410,C558,1,"10,000.00",60,6, -   ,50, -   ,"13,000.00","11,517.36",219.19,1,0000-00-00 00:00:00,0000-00-00 00:00:00
411,C559,1,"10,000.00",60,6, -   ,50, -   ,"13,000.00","11,248.58",219.25,1,0000-00-00 00:00:00,0000-00-00 00:00:00
412,C560,1,"10,000.00",24,6, -   ,50,1.94,"11,200.00","9,843.75",468.75,1,0000-00-00 00:00:00,0000-00-00 00:00:00
413,C564,1,"10,000.00",48,6, -   ,50,2.05,"12,400.00","11,412.52",259.37,1,0000-00-00 00:00:00,0000-00-00 00:00:00
414,C565,1,"10,000.00",60,6, -   ,50,7.62,"13,000.00","11,962.50",217.5,1,0000-00-00 00:00:00,0000-00-00 00:00:00
415,C568,1,"10,000.00",48,6, -   ,50,1.74,"12,400.00","11,931.26",259.37,1,0000-00-00 00:00:00,0000-00-00 00:00:00
416,C569,1,"10,000.00",60,6, -   , -   , -   ,"13,000.00","13,000.00", -   ,1,0000-00-00 00:00:00,0000-00-00 00:00:00
417,B401,1,"10,000.00",60,6,50,50,2.58,"13,000.00","11,902.50",167.5,1,0000-00-00 00:00:00,0000-00-00 00:00:00
418,B402,1,"10,000.00",60,6, -   ,50, -   ,"13,000.00","12,354.15",129.17,1,0000-00-00 00:00:00,0000-00-00 00:00:00
419,B403,1,"10,000.00",60,6, -   ,50, -   ,"13,000.00","12,615.00",217.5,1,0000-00-00 00:00:00,0000-00-00 00:00:00
420,B404,1,"10,000.00",60,6,50,50,1.56,"13,000.00","12,832.50",167.5,1,0000-00-00 00:00:00,0000-00-00 00:00:00
421,B405,1,"10,000.00",60,6, -   ,50,2.12,"13,000.00","11,745.00",217.5,1,0000-00-00 00:00:00,0000-00-00 00:00:00
422,B406,1,"10,000.00",60,6, -   ,50,1.8,"13,000.00","12,180.00",217.5,1,0000-00-00 00:00:00,0000-00-00 00:00:00
423,B406,1,"10,000.00",60,6, -   ,50,20.14,"13,000.00","11,962.50",237.54,1,0000-00-00 00:00:00,0000-00-00 00:00:00
424,B407,1,"10,000.00",60,6, -   ,50,11.23,"13,000.00","11,176.00",216.67,1,0000-00-00 00:00:00,0000-00-00 00:00:00
425,PM 01,1,"10,000.00",60,6, -   ,50,12.44,"13,000.00","11,962.50",229.44,1,0000-00-00 00:00:00,0000-00-00 00:00:00
426,PM 02,1,"10,000.00",36,6, -   ,50,14.39,"11,800.00","10,204.15",343.56,1,0000-00-00 00:00:00,0000-00-00 00:00:00
427,PM 03,1,"10,000.00",48,6, -   ,50, -   ,"12,400.00","7,911.48",258.33,1,0000-00-00 00:00:00,0000-00-00 00:00:00
428,PM 04,1,"10,000.00",60,6, -   ,50,10.18,"13,000.00","11,962.50",227.68,1,0000-00-00 00:00:00,0000-00-00 00:00:00
429,PM 05,1,"10,000.00",60,6, -   ,50,8.42,"13,000.00","12,389.76",180.83,1,0000-00-00 00:00:00,0000-00-00 00:00:00
430,PM 06,1,"10,000.00",60,6,50,50,10.18,"13,000.00","12,832.50",167.5,1,0000-00-00 00:00:00,0000-00-00 00:00:00
431,PM 07,1,"10,000.00",48,6, -   , -   , -   ,"12,400.00","12,400.00", -   ,1,0000-00-00 00:00:00,0000-00-00 00:00:00
432,PM 08,1,"10,000.00",48,6, -   , -   , -   ,"12,400.00","12,400.00", -   ,1,0000-00-00 00:00:00,0000-00-00 00:00:00
433,PM 09,1,"10,000.00",60,6, -   ,50,10.18,"13,000.00","11,668.44",177.68,1,0000-00-00 00:00:00,0000-00-00 00:00:00
434,PM 10,1,"10,000.00",60,6,50,50,3.2,"13,000.00","12,832.50",167.5,1,0000-00-00 00:00:00,0000-00-00 00:00:00
435,PM 11,1,"10,000.00",60,6, -   ,50,6.88,"13,000.00","11,745.00",217.5,1,0000-00-00 00:00:00,0000-00-00 00:00:00
436,PM 12,1,"10,000.00",60,6, -   , -   , -   ,"13,000.00","13,000.00", -   ,1,0000-00-00 00:00:00,0000-00-00 00:00:00
437,PM 14,1,"10,000.00",60,6,50,50,10.18,"13,000.00","12,832.50",167.5,1,0000-00-00 00:00:00,0000-00-00 00:00:00
438,S768,1,"10,000.00",60,6, -   ,50,6.2,"13,000.00","13,000.00",217.5,1,0000-00-00 00:00:00,0000-00-00 00:00:00
439,S783,1,"10,000.00",60,6, -   ,50,6.88,"13,000.00","12,180.00",217.5,1,0000-00-00 00:00:00,0000-00-00 00:00:00
440,S784,1,"10,000.00",60,6, -   ,50,5,"13,000.00","12,399.50",217.5,1,0000-00-00 00:00:00,0000-00-00 00:00:00
441,S785,1,"10,000.00",60,6, -   ,50, -   ,"13,000.00","11,266.64",216.67,1,0000-00-00 00:00:00,0000-00-00 00:00:00
442,S790,1,"10,000.00",48,6, -   ,50, -   ,"12,400.00","9,816.70",258.33,1,0000-00-00 00:00:00,0000-00-00 00:00:00
443,S791,1,"10,000.00",60,6, -   ,50,9.27,"13,000.00","11,745.00",217.5,1,0000-00-00 00:00:00,0000-00-00 00:00:00
444,S798,1,"10,000.00",60,6, -   ,50,8.41,"13,000.00","11,527.44",217.51,1,0000-00-00 00:00:00,0000-00-00 00:00:00
445,S802,1,"10,000.00",60,6, -   ,50,1.59,"13,000.00","12,180.00",217.5,1,0000-00-00 00:00:00,0000-00-00 00:00:00
446,S753,1,"10,000.00",60,6, -   ,50,1.8,"13,000.00","12,615.00",217.5,1,0000-00-00 00:00:00,0000-00-00 00:00:00
447,S762,1,"10,000.00",60,6, -   ,50,2.33,"13,000.00","11,527.50",217.5,1,0000-00-00 00:00:00,0000-00-00 00:00:00
448,S766,1,"10,000.00",60,6, -   ,50,1.56,"13,000.00","11,715.00",217.5,1,0000-00-00 00:00:00,0000-00-00 00:00:00
449,S773,1,"10,000.00",60,6, -   ,50,1.56,"13,000.00","12,397.50",217.5,1,0000-00-00 00:00:00,0000-00-00 00:00:00
450,S774,1,"10,000.00",60,6, -   , -   , -   ,"13,000.00","11,488.44", -   ,1,0000-00-00 00:00:00,0000-00-00 00:00:00
451,S775,1,"10,000.00",60,6, -   ,50, -   ,"13,000.00","12,095.85",180.83,1,0000-00-00 00:00:00,0000-00-00 00:00:00
452,S793,1,"10,000.00",60,6, -   ,50,1.69,"13,000.00","11,962.50",217.5,1,0000-00-00 00:00:00,0000-00-00 00:00:00
453,S794,1,"10,000.00",60,6, -   ,50,1.56,"13,000.00","12,615.00",217.5,1,0000-00-00 00:00:00,0000-00-00 00:00:00
454,S800,1,"10,000.00",36,6, -   ,50,3.77,"13,000.00","8,816.05",331.55,1,0000-00-00 00:00:00,0000-00-00 00:00:00
455,S801,1,"10,000.00",60,6, -   ,50, -   ,"13,000.00","13,000.00",200,1,0000-00-00 00:00:00,0000-00-00 00:00:00
456,S803,1,"11,000.00",60,6, -   , -   , -   ,"14,300.00","14,300.00", -   ,1,0000-00-00 00:00:00,0000-00-00 00:00:00
457,S804,1,"11,000.00",48,6, -   ,55, -   ,"13,640.00","2,841.54",284.17,1,0000-00-00 00:00:00,0000-00-00 00:00:00
458,S805,1,"11,000.00",60,6, -   ,55,11.2,"14,300.00","12,914.98",239.17,1,0000-00-00 00:00:00,0000-00-00 00:00:00
459,S806,1,"12,000.00",48,6, -   ,60, -   ,"14,880.00","7,473.39",393.33,1,0000-00-00 00:00:00,0000-00-00 00:00:00
460,S807,1,"12,600.00",60,6, -   ,60,6,"16,200.00","14,945.80",260.84,1,0000-00-00 00:00:00,0000-00-00 00:00:00
461,S808,1,"13,000.00",60,6, -   ,65,12.09,"17,800.00","17,002.50",282.5,1,0000-00-00 00:00:00,0000-00-00 00:00:00
462,S809,1,"13,600.00",60,6, -   ,68, -   ,"17,680.00","17,421.67",258.33,1,0000-00-00 00:00:00,0000-00-00 00:00:00
463,S810,1,"14,000.00",60,6, -   ,70,3.62,"18,200.00","16,425.04",304.16,1,0000-00-00 00:00:00,0000-00-00 00:00:00
464,980,1,"14,600.00",60,6, -   ,73,20.29,"18,980.00","17,394.20",317.16,1,0000-00-00 00:00:00,0000-00-00 00:00:00
465,1071,1,"15,000.00",48,6, -   ,75, -   ,"18,600.00","9,919.34",387.5,1,0000-00-00 00:00:00,0000-00-00 00:00:00
466,1555,1,"18,000.00",30,6, -   ,90, -   ,"20,700.00","4,140.00",690,1,0000-00-00 00:00:00,0000-00-00 00:00:00
467,1795,1,"25,000.00",48,6, -   ,125, -   ,"31,000.00","11,625.10",645.83,1,0000-00-00 00:00:00,0000-00-00 00:00:00
