1,1494,01-2015,"6,216.47",0,0,0,0,0,0,0,0,0,0,0,0,0,0,1,0000-00-00 00:00:00,0000-00-00 00:00:00
2,1592,01-2015,"7,740.00",0,0,0,0,0,0,0,0,0,0,0,0,0,0,1,0000-00-00 00:00:00,0000-00-00 00:00:00
3,1632,01-2015,"7,700.00",0,0,0,0,0,0,0,0,0,0,0,0,0,0,1,0000-00-00 00:00:00,0000-00-00 00:00:00
4,1643,01-2015,"7,430.00",0,0,0,0,0,0,0,0,0,0,0,0,0,0,1,0000-00-00 00:00:00,0000-00-00 00:00:00
5,1649,01-2015,"9,920.00",0,0,0,0,0,0,0,0,0,0,0,0,0,0,1,0000-00-00 00:00:00,0000-00-00 00:00:00
6,1719,01-2015,"10,795.00",0,0,0,0,0,0,0,0,0,0,0,0,0,0,1,0000-00-00 00:00:00,0000-00-00 00:00:00
7,1817,01-2015,"17,150.00",0,0,0,0,0,0,0,0,0,0,0,0,0,0,1,0000-00-00 00:00:00,0000-00-00 00:00:00
8,1980,01-2015,"4,570.00",0,0,0,0,0,0,0,0,0,0,0,0,0,0,1,0000-00-00 00:00:00,0000-00-00 00:00:00
9,1985,01-2015,"11,570.00",0,0,0,0,0,0,0,0,0,0,0,0,0,0,1,0000-00-00 00:00:00,0000-00-00 00:00:00
10,2019,01-2015,"6,430.00",0,0,0,0,0,0,0,0,0,0,0,0,0,0,1,0000-00-00 00:00:00,0000-00-00 00:00:00
11,2099,01-2015,"8,040.00",0,0,0,0,0,0,0,0,0,0,0,0,0,0,1,0000-00-00 00:00:00,0000-00-00 00:00:00
12,2117,01-2015,"6,690.00",0,0,0,0,0,0,0,0,0,0,0,0,0,0,1,0000-00-00 00:00:00,0000-00-00 00:00:00
13,2152,01-2015,"13,105.00",0,0,0,0,0,0,0,0,0,0,0,0,0,0,1,0000-00-00 00:00:00,0000-00-00 00:00:00
14,2164,01-2015,"7,373.00",0,0,0,0,0,0,0,0,0,0,0,0,0,0,1,0000-00-00 00:00:00,0000-00-00 00:00:00
15,2235,01-2015,"6,980.00",0,0,0,0,0,0,0,0,0,0,0,0,0,0,1,0000-00-00 00:00:00,0000-00-00 00:00:00
16,2236,01-2015,"3,800.00",0,0,0,0,0,0,0,0,0,0,0,0,0,0,1,0000-00-00 00:00:00,0000-00-00 00:00:00
17,2250,01-2015,"5,610.00",0,0,0,0,0,0,0,0,0,0,0,0,0,0,1,0000-00-00 00:00:00,0000-00-00 00:00:00
18,2334,01-2015,"5,390.00",0,0,0,0,0,0,0,0,0,0,0,0,0,0,1,0000-00-00 00:00:00,0000-00-00 00:00:00
19,2364,01-2015,"5,630.00",0,0,0,0,0,0,0,0,0,0,0,0,0,0,1,0000-00-00 00:00:00,0000-00-00 00:00:00
20,2371,01-2015,"5,605.00",0,0,0,0,0,0,0,0,0,0,0,0,0,0,1,0000-00-00 00:00:00,0000-00-00 00:00:00
21,2378,01-2015,,0,0,0,0,0,0,0,0,0,0,0,0,0,0,1,0000-00-00 00:00:00,0000-00-00 00:00:00
22,2380,01-2015,"5,280.00",0,0,0,0,0,0,0,0,0,0,0,0,0,0,1,0000-00-00 00:00:00,0000-00-00 00:00:00
23,2529,01-2015,"10,620.00",0,0,0,0,0,0,0,0,0,0,0,0,0,0,1,0000-00-00 00:00:00,0000-00-00 00:00:00
24,2660,01-2015,"10,190.00",0,0,0,0,0,0,0,0,0,0,0,0,0,0,1,0000-00-00 00:00:00,0000-00-00 00:00:00
25,2673,01-2015,"9,510.00",0,0,0,0,0,0,0,0,0,0,0,0,0,0,1,0000-00-00 00:00:00,0000-00-00 00:00:00
26,2679,01-2015,"7,800.00",0,0,0,0,0,0,0,0,0,0,0,0,0,0,1,0000-00-00 00:00:00,0000-00-00 00:00:00
27,2682,01-2015,286,0,0,0,0,0,0,0,0,0,0,0,0,0,0,1,0000-00-00 00:00:00,0000-00-00 00:00:00
28,2684,01-2015,"3,260.00",0,0,0,0,0,0,0,0,0,0,0,0,0,0,1,0000-00-00 00:00:00,0000-00-00 00:00:00
29,2685,01-2015,"2,620.00",0,0,0,0,0,0,0,0,0,0,0,0,0,0,1,0000-00-00 00:00:00,0000-00-00 00:00:00
30,2686,01-2015,"3,250.00",0,0,0,0,0,0,0,0,0,0,0,0,0,0,1,0000-00-00 00:00:00,0000-00-00 00:00:00
31,2745,01-2015,"2,820.00",0,0,0,0,0,0,0,0,0,0,0,0,0,0,1,0000-00-00 00:00:00,0000-00-00 00:00:00
32,2747,01-2015,"2,820.00",0,0,0,0,0,0,0,0,0,0,0,0,0,0,1,0000-00-00 00:00:00,0000-00-00 00:00:00
33,2750,01-2015,"4,230.00",0,0,0,0,0,0,0,0,0,0,0,0,0,0,1,0000-00-00 00:00:00,0000-00-00 00:00:00
34,2756,01-2015,"3,960.00",0,0,0,0,0,0,0,0,0,0,0,0,0,0,1,0000-00-00 00:00:00,0000-00-00 00:00:00
35,2758,01-2015,"4,470.00",0,0,0,0,0,0,0,0,0,0,0,0,0,0,1,0000-00-00 00:00:00,0000-00-00 00:00:00
36,2760,01-2015,"9,800.00",0,0,0,0,0,0,0,0,0,0,0,0,0,0,1,0000-00-00 00:00:00,0000-00-00 00:00:00
37,2764,01-2015,"4,050.00",0,0,0,0,0,0,0,0,0,0,0,0,0,0,1,0000-00-00 00:00:00,0000-00-00 00:00:00
38,2836,01-2015,"1,480.00",0,0,0,0,0,0,0,0,0,0,0,0,0,0,1,0000-00-00 00:00:00,0000-00-00 00:00:00
39,2846,01-2015,"2,540.00",0,0,0,0,0,0,0,0,0,0,0,0,0,0,1,0000-00-00 00:00:00,0000-00-00 00:00:00
40,2868,01-2015,"1,580.00",0,0,0,0,0,0,0,0,0,0,0,0,0,0,1,0000-00-00 00:00:00,0000-00-00 00:00:00
41,2874,01-2015,"2,480.00",0,0,0,0,0,0,0,0,0,0,0,0,0,0,1,0000-00-00 00:00:00,0000-00-00 00:00:00
42,2885,01-2015,"4,910.00",0,0,0,0,0,0,0,0,0,0,0,0,0,0,1,0000-00-00 00:00:00,0000-00-00 00:00:00
43,2923,01-2015,"2,080.00",0,0,0,0,0,0,0,0,0,0,0,0,0,0,1,0000-00-00 00:00:00,0000-00-00 00:00:00
44,2924,01-2015,"1,140.00",0,0,0,0,0,0,0,0,0,0,0,0,0,0,1,0000-00-00 00:00:00,0000-00-00 00:00:00
45,2927,01-2015,"1,230.00",0,0,0,0,0,0,0,0,0,0,0,0,0,0,1,0000-00-00 00:00:00,0000-00-00 00:00:00
46,2968,01-2015,"1,230.00",0,0,0,0,0,0,0,0,0,0,0,0,0,0,1,0000-00-00 00:00:00,0000-00-00 00:00:00
47,2969,01-2015,"2,180.00",0,0,0,0,0,0,0,0,0,0,0,0,0,0,1,0000-00-00 00:00:00,0000-00-00 00:00:00
48,2970,01-2015,"1,950.00",0,0,0,0,0,0,0,0,0,0,0,0,0,0,1,0000-00-00 00:00:00,0000-00-00 00:00:00
49,3023,01-2015,"3,050.00",0,0,0,0,0,0,0,0,0,0,0,0,0,0,1,0000-00-00 00:00:00,0000-00-00 00:00:00
50,3058,01-2015,830,0,0,0,0,0,0,0,0,0,0,0,0,0,0,1,0000-00-00 00:00:00,0000-00-00 00:00:00
51,3105,01-2015,"2,060.00",0,0,0,0,0,0,0,0,0,0,0,0,0,0,1,0000-00-00 00:00:00,0000-00-00 00:00:00
52,3112,01-2015,"3,250.00",0,0,0,0,0,0,0,0,0,0,0,0,0,0,1,0000-00-00 00:00:00,0000-00-00 00:00:00
53,3121,01-2015,"2,550.00",0,0,0,0,0,0,0,0,0,0,0,0,0,0,1,0000-00-00 00:00:00,0000-00-00 00:00:00
54,3122,01-2015,"1,680.00",0,0,0,0,0,0,0,0,0,0,0,0,0,0,1,0000-00-00 00:00:00,0000-00-00 00:00:00
55,3124,01-2015,"8,900.00",0,0,0,0,0,0,0,0,0,0,0,0,0,0,1,0000-00-00 00:00:00,0000-00-00 00:00:00
56,3131,01-2015,"12,040.00",0,0,0,0,0,0,0,0,0,0,0,0,0,0,1,0000-00-00 00:00:00,0000-00-00 00:00:00
57,3132,01-2015,"3,460.00",0,0,0,0,0,0,0,0,0,0,0,0,0,0,1,0000-00-00 00:00:00,0000-00-00 00:00:00
58,3137,01-2015,"2,370.00",0,0,0,0,0,0,0,0,0,0,0,0,0,0,1,0000-00-00 00:00:00,0000-00-00 00:00:00
59,3137,01-2015,"2,700.00",0,0,0,0,0,0,0,0,0,0,0,0,0,0,1,0000-00-00 00:00:00,0000-00-00 00:00:00
60,3140,01-2015,"1,800.00",0,0,0,0,0,0,0,0,0,0,0,0,0,0,1,0000-00-00 00:00:00,0000-00-00 00:00:00
61,3144,01-2015,"2,700.00",0,0,0,0,0,0,0,0,0,0,0,0,0,0,1,0000-00-00 00:00:00,0000-00-00 00:00:00
62,3147,01-2015,"1,400.00",0,0,0,0,0,0,0,0,0,0,0,0,0,0,1,0000-00-00 00:00:00,0000-00-00 00:00:00
63,3150,01-2015,"3,040.00",0,0,0,0,0,0,0,0,0,0,0,0,0,0,1,0000-00-00 00:00:00,0000-00-00 00:00:00
64,3158,01-2015,"1,800.00",0,0,0,0,0,0,0,0,0,0,0,0,0,0,1,0000-00-00 00:00:00,0000-00-00 00:00:00
65,3159,01-2015,"3,350.00",0,0,0,0,0,0,0,0,0,0,0,0,0,0,1,0000-00-00 00:00:00,0000-00-00 00:00:00
66,3170,01-2015,"3,250.00",0,0,0,0,0,0,0,0,0,0,0,0,0,0,1,0000-00-00 00:00:00,0000-00-00 00:00:00
67,3181,01-2015,"1,800.00",0,0,0,0,0,0,0,0,0,0,0,0,0,0,1,0000-00-00 00:00:00,0000-00-00 00:00:00
68,3184,01-2015,"4,200.00",0,0,0,0,0,0,0,0,0,0,0,0,0,0,1,0000-00-00 00:00:00,0000-00-00 00:00:00
69,3189,01-2015,"1,680.00",0,0,0,0,0,0,0,0,0,0,0,0,0,0,1,0000-00-00 00:00:00,0000-00-00 00:00:00
70,3242,01-2015,"2,320.00",0,0,0,0,0,0,0,0,0,0,0,0,0,0,1,0000-00-00 00:00:00,0000-00-00 00:00:00
71,3243,01-2015,"2,010.00",0,0,0,0,0,0,0,0,0,0,0,0,0,0,1,0000-00-00 00:00:00,0000-00-00 00:00:00
72,3269,01-2015,90,0,0,0,0,0,0,0,0,0,0,0,0,0,0,1,0000-00-00 00:00:00,0000-00-00 00:00:00
73,3285,01-2015,"4,250.00",0,0,0,0,0,0,0,0,0,0,0,0,0,0,1,0000-00-00 00:00:00,0000-00-00 00:00:00
74,3286,01-2015,"1,700.00",0,0,0,0,0,0,0,0,0,0,0,0,0,0,1,0000-00-00 00:00:00,0000-00-00 00:00:00
75,3293,01-2015,150,0,0,0,0,0,0,0,0,0,0,0,0,0,0,1,0000-00-00 00:00:00,0000-00-00 00:00:00
76,3301,01-2015,780,0,0,0,0,0,0,0,0,0,0,0,0,0,0,1,0000-00-00 00:00:00,0000-00-00 00:00:00
77,3303,01-2015,"1,950.00",0,0,0,0,0,0,0,0,0,0,0,0,0,0,1,0000-00-00 00:00:00,0000-00-00 00:00:00
78,3304,01-2015,700,0,0,0,0,0,0,0,0,0,0,0,0,0,0,1,0000-00-00 00:00:00,0000-00-00 00:00:00
79,3312,01-2015,"3,350.00",0,0,0,0,0,0,0,0,0,0,0,0,0,0,1,0000-00-00 00:00:00,0000-00-00 00:00:00
80,3338,01-2015,"1,680.00",0,0,0,0,0,0,0,0,0,0,0,0,0,0,1,0000-00-00 00:00:00,0000-00-00 00:00:00
81,3346,01-2015,"1,240.00",0,0,0,0,0,0,0,0,0,0,0,0,0,0,1,0000-00-00 00:00:00,0000-00-00 00:00:00
82,3347,01-2015,"1,240.00",0,0,0,0,0,0,0,0,0,0,0,0,0,0,1,0000-00-00 00:00:00,0000-00-00 00:00:00
83,3351,01-2015,"2,220.00",0,0,0,0,0,0,0,0,0,0,0,0,0,0,1,0000-00-00 00:00:00,0000-00-00 00:00:00
84,3371,01-2015,900,0,0,0,0,0,0,0,0,0,0,0,0,0,0,1,0000-00-00 00:00:00,0000-00-00 00:00:00
85,3419,01-2015,"1,480.00",0,0,0,0,0,0,0,0,0,0,0,0,0,0,1,0000-00-00 00:00:00,0000-00-00 00:00:00
86,3422,01-2015,"2,220.00",0,0,0,0,0,0,0,0,0,0,0,0,0,0,1,0000-00-00 00:00:00,0000-00-00 00:00:00
87,3428,01-2015,"1,460.00",0,0,0,0,0,0,0,0,0,0,0,0,0,0,1,0000-00-00 00:00:00,0000-00-00 00:00:00
88,3429,01-2015,900,0,0,0,0,0,0,0,0,0,0,0,0,0,0,1,0000-00-00 00:00:00,0000-00-00 00:00:00
89,3430,01-2015,60,0,0,0,0,0,0,0,0,0,0,0,0,0,0,1,0000-00-00 00:00:00,0000-00-00 00:00:00
90,3468,01-2015,"1,480.00",0,0,0,0,0,0,0,0,0,0,0,0,0,0,1,0000-00-00 00:00:00,0000-00-00 00:00:00
91,3501,01-2015,"1,690.00",0,0,0,0,0,0,0,0,0,0,0,0,0,0,1,0000-00-00 00:00:00,0000-00-00 00:00:00
92,3502,01-2015,760,0,0,0,0,0,0,0,0,0,0,0,0,0,0,1,0000-00-00 00:00:00,0000-00-00 00:00:00
93,3567,01-2015,"2,050.00",0,0,0,0,0,0,0,0,0,0,0,0,0,0,1,0000-00-00 00:00:00,0000-00-00 00:00:00
94,3576,01-2015,"1,800.00",0,0,0,0,0,0,0,0,0,0,0,0,0,0,1,0000-00-00 00:00:00,0000-00-00 00:00:00
95,3591,01-2015,"1,800.00",0,0,0,0,0,0,0,0,0,0,0,0,0,0,1,0000-00-00 00:00:00,0000-00-00 00:00:00
96,3649,01-2015,"1,800.00",0,0,0,0,0,0,0,0,0,0,0,0,0,0,1,0000-00-00 00:00:00,0000-00-00 00:00:00
97,3662,01-2015,"1,800.00",0,0,0,0,0,0,0,0,0,0,0,0,0,0,1,0000-00-00 00:00:00,0000-00-00 00:00:00
98,3670,01-2015,660,0,0,0,0,0,0,0,0,0,0,0,0,0,0,1,0000-00-00 00:00:00,0000-00-00 00:00:00
99,3671,01-2015,420,0,0,0,0,0,0,0,0,0,0,0,0,0,0,1,0000-00-00 00:00:00,0000-00-00 00:00:00
100,1990,01-2015,"7,620.00",0,0,0,0,0,0,0,0,0,0,0,0,0,0,2,0000-00-00 00:00:00,0000-00-00 00:00:00
101,2041,01-2015,"9,030.00",0,0,0,0,0,0,0,0,0,0,0,0,0,0,2,0000-00-00 00:00:00,0000-00-00 00:00:00
102,2170,01-2015,"9,240.00",0,0,0,0,0,0,0,0,0,0,0,0,0,0,2,0000-00-00 00:00:00,0000-00-00 00:00:00
103,2230,01-2015,"10,060.00",0,0,0,0,0,0,0,0,0,0,0,0,0,0,2,0000-00-00 00:00:00,0000-00-00 00:00:00
104,2243,01-2015,"6,060.00",0,0,0,0,0,0,0,0,0,0,0,0,0,0,2,0000-00-00 00:00:00,0000-00-00 00:00:00
105,2354,01-2015,"5,630.00",0,0,0,0,0,0,0,0,0,0,0,0,0,0,2,0000-00-00 00:00:00,0000-00-00 00:00:00
106,2411,01-2015,"5,820.00",0,0,0,0,0,0,0,0,0,0,0,0,0,0,2,0000-00-00 00:00:00,0000-00-00 00:00:00
107,1230,01-2015,"14,710.00",0,0,0,0,0,0,0,0,0,0,0,0,0,0,2,0000-00-00 00:00:00,0000-00-00 00:00:00
108,2712,01-2015,"6,180.00",0,0,0,0,0,0,0,0,0,0,0,0,0,0,2,0000-00-00 00:00:00,0000-00-00 00:00:00
109,2719,01-2015,"3,480.00",0,0,0,0,0,0,0,0,0,0,0,0,0,0,2,0000-00-00 00:00:00,0000-00-00 00:00:00
110,2833,01-2015,"6,200.00",0,0,0,0,0,0,0,0,0,0,0,0,0,0,2,0000-00-00 00:00:00,0000-00-00 00:00:00
111,2837,01-2015,"4,510.00",0,0,0,0,0,0,0,0,0,0,0,0,0,0,2,0000-00-00 00:00:00,0000-00-00 00:00:00
112,2844,01-2015,"2,340.00",0,0,0,0,0,0,0,0,0,0,0,0,0,0,2,0000-00-00 00:00:00,0000-00-00 00:00:00
113,2869,01-2015,"2,480.00",0,0,0,0,0,0,0,0,0,0,0,0,0,0,2,0000-00-00 00:00:00,0000-00-00 00:00:00
114,2872,01-2015,"2,480.00",0,0,0,0,0,0,0,0,0,0,0,0,0,0,2,0000-00-00 00:00:00,0000-00-00 00:00:00
115,2873,01-2015,"3,050.00",0,0,0,0,0,0,0,0,0,0,0,0,0,0,2,0000-00-00 00:00:00,0000-00-00 00:00:00
116,2876,01-2015,"3,100.00",0,0,0,0,0,0,0,0,0,0,0,0,0,0,2,0000-00-00 00:00:00,0000-00-00 00:00:00
117,2890,01-2015,"2,480.00",0,0,0,0,0,0,0,0,0,0,0,0,0,0,2,0000-00-00 00:00:00,0000-00-00 00:00:00
118,2891,01-2015,"2,480.00",0,0,0,0,0,0,0,0,0,0,0,0,0,0,2,0000-00-00 00:00:00,0000-00-00 00:00:00
119,3021,01-2015,"2,080.00",0,0,0,0,0,0,0,0,0,0,0,0,0,0,2,0000-00-00 00:00:00,0000-00-00 00:00:00
120,3106,01-2015,"1,140.00",0,0,0,0,0,0,0,0,0,0,0,0,0,0,2,0000-00-00 00:00:00,0000-00-00 00:00:00
121,3188,01-2015,"1,440.00",0,0,0,0,0,0,0,0,0,0,0,0,0,0,2,0000-00-00 00:00:00,0000-00-00 00:00:00
122,3192,01-2015,"1,300.00",0,0,0,0,0,0,0,0,0,0,0,0,0,0,2,0000-00-00 00:00:00,0000-00-00 00:00:00
123,3197,01-2015,"2,570.00",0,0,0,0,0,0,0,0,0,0,0,0,0,0,2,0000-00-00 00:00:00,0000-00-00 00:00:00
124,3223,01-2015,650,0,0,0,0,0,0,0,0,0,0,0,0,0,0,2,0000-00-00 00:00:00,0000-00-00 00:00:00
125,3224,01-2015,"1,800.00",0,0,0,0,0,0,0,0,0,0,0,0,0,0,2,0000-00-00 00:00:00,0000-00-00 00:00:00
126,3251,01-2015,"1,810.00",0,0,0,0,0,0,0,0,0,0,0,0,0,0,2,0000-00-00 00:00:00,0000-00-00 00:00:00
127,3337,01-2015,"1,800.00",0,0,0,0,0,0,0,0,0,0,0,0,0,0,2,0000-00-00 00:00:00,0000-00-00 00:00:00
128,3341,01-2015,"2,370.00",0,0,0,0,0,0,0,0,0,0,0,0,0,0,2,0000-00-00 00:00:00,0000-00-00 00:00:00
129,3413,01-2015,120,0,0,0,0,0,0,0,0,0,0,0,0,0,0,2,0000-00-00 00:00:00,0000-00-00 00:00:00
130,3519,01-2015,720,0,0,0,0,0,0,0,0,0,0,0,0,0,0,2,0000-00-00 00:00:00,0000-00-00 00:00:00
131,3597,01-2015,"1,310.00",0,0,0,0,0,0,0,0,0,0,0,0,0,0,2,0000-00-00 00:00:00,0000-00-00 00:00:00
132,3609,01-2015,560,0,0,0,0,0,0,0,0,0,0,0,0,0,0,2,0000-00-00 00:00:00,0000-00-00 00:00:00
133,3687,01-2015,980,0,0,0,0,0,0,0,0,0,0,0,0,0,0,2,0000-00-00 00:00:00,0000-00-00 00:00:00
134,3719,01-2015,150,0,0,0,0,0,0,0,0,0,0,0,0,0,0,2,0000-00-00 00:00:00,0000-00-00 00:00:00
135,1623,01-2015,"6,200.00",0,0,0,0,0,0,0,0,0,0,0,0,0,0,3,0000-00-00 00:00:00,0000-00-00 00:00:00
136,1789,01-2015,"7,130.00",0,0,0,0,0,0,0,0,0,0,0,0,0,0,3,0000-00-00 00:00:00,0000-00-00 00:00:00
137,2020,01-2015,"6,960.00",0,0,0,0,0,0,0,0,0,0,0,0,0,0,3,0000-00-00 00:00:00,0000-00-00 00:00:00
138,2047,01-2015,"6,760.00",0,0,0,0,0,0,0,0,0,0,0,0,0,0,3,0000-00-00 00:00:00,0000-00-00 00:00:00
139,2098,01-2015,"12,540.00",0,0,0,0,0,0,0,0,0,0,0,0,0,0,3,0000-00-00 00:00:00,0000-00-00 00:00:00
140,2134,01-2015,"7,570.00",0,0,0,0,0,0,0,0,0,0,0,0,0,0,3,0000-00-00 00:00:00,0000-00-00 00:00:00
141,2193,01-2015,"6,280.00",0,0,0,0,0,0,0,0,0,0,0,0,0,0,3,0000-00-00 00:00:00,0000-00-00 00:00:00
142,2345,01-2015,"5,620.00",0,0,0,0,0,0,0,0,0,0,0,0,0,0,3,0000-00-00 00:00:00,0000-00-00 00:00:00
143,2348,01-2015,"6,355.00",0,0,0,0,0,0,0,0,0,0,0,0,0,0,3,0000-00-00 00:00:00,0000-00-00 00:00:00
144,2413,01-2015,"12,700.00",0,0,0,0,0,0,0,0,0,0,0,0,0,0,3,0000-00-00 00:00:00,0000-00-00 00:00:00
145,2690,01-2015,"4,890.00",0,0,0,0,0,0,0,0,0,0,0,0,0,0,3,0000-00-00 00:00:00,0000-00-00 00:00:00
146,2703,01-2015,"6,140.00",0,0,0,0,0,0,0,0,0,0,0,0,0,0,3,0000-00-00 00:00:00,0000-00-00 00:00:00
147,2705,01-2015,"5,250.00",0,0,0,0,0,0,0,0,0,0,0,0,0,0,3,0000-00-00 00:00:00,0000-00-00 00:00:00
148,2710,01-2015,"6,750.00",0,0,0,0,0,0,0,0,0,0,0,0,0,0,3,0000-00-00 00:00:00,0000-00-00 00:00:00
149,2733,01-2015,"8,000.00",0,0,0,0,0,0,0,0,0,0,0,0,0,0,3,0000-00-00 00:00:00,0000-00-00 00:00:00
150,2743,01-2015,"2,820.00",0,0,0,0,0,0,0,0,0,0,0,0,0,0,3,0000-00-00 00:00:00,0000-00-00 00:00:00
151,2847,01-2015,"3,550.00",0,0,0,0,0,0,0,0,0,0,0,0,0,0,3,0000-00-00 00:00:00,0000-00-00 00:00:00
152,2900,01-2015,"2,410.00",0,0,0,0,0,0,0,0,0,0,0,0,0,0,3,0000-00-00 00:00:00,0000-00-00 00:00:00
153,2926,01-2015,"2,080.00",0,0,0,0,0,0,0,0,0,0,0,0,0,0,3,0000-00-00 00:00:00,0000-00-00 00:00:00
154,3116,01-2015,"3,350.00",0,0,0,0,0,0,0,0,0,0,0,0,0,0,3,0000-00-00 00:00:00,0000-00-00 00:00:00
155,3126,01-2015,"3,240.00",0,0,0,0,0,0,0,0,0,0,0,0,0,0,3,0000-00-00 00:00:00,0000-00-00 00:00:00
156,3149,01-2015,"2,130.00",0,0,0,0,0,0,0,0,0,0,0,0,0,0,3,0000-00-00 00:00:00,0000-00-00 00:00:00
157,3151,01-2015,"1,750.00",0,0,0,0,0,0,0,0,0,0,0,0,0,0,3,0000-00-00 00:00:00,0000-00-00 00:00:00
158,3183,01-2015,"9,910.00",0,0,0,0,0,0,0,0,0,0,0,0,0,0,3,0000-00-00 00:00:00,0000-00-00 00:00:00
159,3258,01-2015,"1,780.00",0,0,0,0,0,0,0,0,0,0,0,0,0,0,3,0000-00-00 00:00:00,0000-00-00 00:00:00
160,3259,01-2015,"4,450.00",0,0,0,0,0,0,0,0,0,0,0,0,0,0,3,0000-00-00 00:00:00,0000-00-00 00:00:00
161,3276,01-2015,"4,250.00",0,0,0,0,0,0,0,0,0,0,0,0,0,0,3,0000-00-00 00:00:00,0000-00-00 00:00:00
162,3278,01-2015,"2,370.00",0,0,0,0,0,0,0,0,0,0,0,0,0,0,3,0000-00-00 00:00:00,0000-00-00 00:00:00
163,3432,01-2015,"1,480.00",0,0,0,0,0,0,0,0,0,0,0,0,0,0,3,0000-00-00 00:00:00,0000-00-00 00:00:00
164,3491,01-2015,"3,210.00",0,0,0,0,0,0,0,0,0,0,0,0,0,0,3,0000-00-00 00:00:00,0000-00-00 00:00:00
165,3538,01-2015,"1,230.00",0,0,0,0,0,0,0,0,0,0,0,0,0,0,3,0000-00-00 00:00:00,0000-00-00 00:00:00
166,3614,01-2015,"2,050.00",0,0,0,0,0,0,0,0,0,0,0,0,0,0,3,0000-00-00 00:00:00,0000-00-00 00:00:00
167,3616,01-2015,"2,050.00",0,0,0,0,0,0,0,0,0,0,0,0,0,0,3,0000-00-00 00:00:00,0000-00-00 00:00:00
168,3619,01-2015,"2,050.00",0,0,0,0,0,0,0,0,0,0,0,0,0,0,3,0000-00-00 00:00:00,0000-00-00 00:00:00
169,3621,01-2015,"2,050.00",0,0,0,0,0,0,0,0,0,0,0,0,0,0,3,0000-00-00 00:00:00,0000-00-00 00:00:00
170,3631,01-2015,"1,800.00",0,0,0,0,0,0,0,0,0,0,0,0,0,0,3,0000-00-00 00:00:00,0000-00-00 00:00:00
171,1546,01-2015,"14,028.00",0,0,0,0,0,0,0,0,0,0,0,0,0,0,4,0000-00-00 00:00:00,0000-00-00 00:00:00
172,1573,01-2015,"6,110.00",0,0,0,0,0,0,0,0,0,0,0,0,0,0,4,0000-00-00 00:00:00,0000-00-00 00:00:00
173,1644,01-2015,"6,320.00",0,0,0,0,0,0,0,0,0,0,0,0,0,0,4,0000-00-00 00:00:00,0000-00-00 00:00:00
174,1734,01-2015,"12,070.00",0,0,0,0,0,0,0,0,0,0,0,0,0,0,4,0000-00-00 00:00:00,0000-00-00 00:00:00
175,1762,01-2015,"9,359.00",0,0,0,0,0,0,0,0,0,0,0,0,0,0,4,0000-00-00 00:00:00,0000-00-00 00:00:00
176,1772,01-2015,"8,304.00",0,0,0,0,0,0,0,0,0,0,0,0,0,0,4,0000-00-00 00:00:00,0000-00-00 00:00:00
177,2042,01-2015,,0,0,0,0,0,0,0,0,0,0,0,0,0,0,4,0000-00-00 00:00:00,0000-00-00 00:00:00
178,2042,01-2015,,0,0,0,0,0,0,0,0,0,0,0,0,0,0,4,0000-00-00 00:00:00,0000-00-00 00:00:00
179,1830,01-2015,"12,070.00",0,0,0,0,0,0,0,0,0,0,0,0,0,0,4,0000-00-00 00:00:00,0000-00-00 00:00:00
180,2138,01-2015,"2,150.00",0,0,0,0,0,0,0,0,0,0,0,0,0,0,4,0000-00-00 00:00:00,0000-00-00 00:00:00
181,2339,01-2015,"9,340.00",0,0,0,0,0,0,0,0,0,0,0,0,0,0,4,0000-00-00 00:00:00,0000-00-00 00:00:00
182,2374,01-2015,"4,660.00",0,0,0,0,0,0,0,0,0,0,0,0,0,0,4,0000-00-00 00:00:00,0000-00-00 00:00:00
183,2396,01-2015,"4,360.00",0,0,0,0,0,0,0,0,0,0,0,0,0,0,4,0000-00-00 00:00:00,0000-00-00 00:00:00
184,2702,01-2015,"7,510.00",0,0,0,0,0,0,0,0,0,0,0,0,0,0,4,0000-00-00 00:00:00,0000-00-00 00:00:00
185,2405,01-2015,"6,350.00",0,0,0,0,0,0,0,0,0,0,0,0,0,0,4,0000-00-00 00:00:00,0000-00-00 00:00:00
186,2708,01-2015,"3,200.00",0,0,0,0,0,0,0,0,0,0,0,0,0,0,4,0000-00-00 00:00:00,0000-00-00 00:00:00
187,3262,01-2015,"1,140.00",0,0,0,0,0,0,0,0,0,0,0,0,0,0,4,0000-00-00 00:00:00,0000-00-00 00:00:00
188,3265,01-2015,"3,450.00",0,0,0,0,0,0,0,0,0,0,0,0,0,0,4,0000-00-00 00:00:00,0000-00-00 00:00:00
189,3266,01-2015,"1,870.00",0,0,0,0,0,0,0,0,0,0,0,0,0,0,4,0000-00-00 00:00:00,0000-00-00 00:00:00
190,3268,01-2015,"1,970.00",0,0,0,0,0,0,0,0,0,0,0,0,0,0,4,0000-00-00 00:00:00,0000-00-00 00:00:00
191,3284,01-2015,"1,480.00",0,0,0,0,0,0,0,0,0,0,0,0,0,0,4,0000-00-00 00:00:00,0000-00-00 00:00:00
192,3490,01-2015,"1,680.00",0,0,0,0,0,0,0,0,0,0,0,0,0,0,4,0000-00-00 00:00:00,0000-00-00 00:00:00
193,3639,01-2015,560,0,0,0,0,0,0,0,0,0,0,0,0,0,0,4,0000-00-00 00:00:00,0000-00-00 00:00:00
194,3677,01-2015,670,0,0,0,0,0,0,0,0,0,0,0,0,0,0,4,0000-00-00 00:00:00,0000-00-00 00:00:00
195,3686,01-2015,420,0,0,0,0,0,0,0,0,0,0,0,0,0,0,4,0000-00-00 00:00:00,0000-00-00 00:00:00
196,1522,01-2015,"8,010.00",0,0,0,0,0,0,0,0,0,0,0,0,0,0,5,0000-00-00 00:00:00,0000-00-00 00:00:00
197,1631,01-2015,"2,980.00",0,0,0,0,0,0,0,0,0,0,0,0,0,0,5,0000-00-00 00:00:00,0000-00-00 00:00:00
198,1721,01-2015,"7,221.00",0,0,0,0,0,0,0,0,0,0,0,0,0,0,5,0000-00-00 00:00:00,0000-00-00 00:00:00
199,1863,01-2015,"6,030.00",0,0,0,0,0,0,0,0,0,0,0,0,0,0,5,0000-00-00 00:00:00,0000-00-00 00:00:00
200,2419,01-2015,420,0,0,0,0,0,0,0,0,0,0,0,0,0,0,5,0000-00-00 00:00:00,0000-00-00 00:00:00
201,2521,01-2015,"8,970.00",0,0,0,0,0,0,0,0,0,0,0,0,0,0,5,0000-00-00 00:00:00,0000-00-00 00:00:00
202,2676,01-2015,"8,140.00",0,0,0,0,0,0,0,0,0,0,0,0,0,0,5,0000-00-00 00:00:00,0000-00-00 00:00:00
203,2683,01-2015,"5,090.00",0,0,0,0,0,0,0,0,0,0,0,0,0,0,5,0000-00-00 00:00:00,0000-00-00 00:00:00
204,2839,01-2015,"1,230.00",0,0,0,0,0,0,0,0,0,0,0,0,0,0,5,0000-00-00 00:00:00,0000-00-00 00:00:00
205,2936,01-2015,"1,230.00",0,0,0,0,0,0,0,0,0,0,0,0,0,0,5,0000-00-00 00:00:00,0000-00-00 00:00:00
206,3168,01-2015,"1,200.00",0,0,0,0,0,0,0,0,0,0,0,0,0,0,5,0000-00-00 00:00:00,0000-00-00 00:00:00
207,3247,01-2015,"1,230.00",0,0,0,0,0,0,0,0,0,0,0,0,0,0,5,0000-00-00 00:00:00,0000-00-00 00:00:00
208,3274,01-2015,760,0,0,0,0,0,0,0,0,0,0,0,0,0,0,5,0000-00-00 00:00:00,0000-00-00 00:00:00
209,3368,01-2015,390,0,0,0,0,0,0,0,0,0,0,0,0,0,0,5,0000-00-00 00:00:00,0000-00-00 00:00:00
210,3369,01-2015,770,0,0,0,0,0,0,0,0,0,0,0,0,0,0,5,0000-00-00 00:00:00,0000-00-00 00:00:00
211,3374,01-2015,"1,230.00",0,0,0,0,0,0,0,0,0,0,0,0,0,0,5,0000-00-00 00:00:00,0000-00-00 00:00:00
212,3549,01-2015,770,0,0,0,0,0,0,0,0,0,0,0,0,0,0,5,0000-00-00 00:00:00,0000-00-00 00:00:00
213,3602,01-2015,"1,230.00",0,0,0,0,0,0,0,0,0,0,0,0,0,0,5,0000-00-00 00:00:00,0000-00-00 00:00:00
214,1507,01-2015,"6,190.00",0,0,0,0,0,0,0,0,0,0,0,0,0,0,6,0000-00-00 00:00:00,0000-00-00 00:00:00
215,1581,01-2015,"6,964.00",0,0,0,0,0,0,0,0,0,0,0,0,0,0,6,0000-00-00 00:00:00,0000-00-00 00:00:00
216,1642,01-2015,"24,200.00",0,0,0,0,0,0,0,0,0,0,0,0,0,0,6,0000-00-00 00:00:00,0000-00-00 00:00:00
217,1964,01-2015,"7,215.00",0,0,0,0,0,0,0,0,0,0,0,0,0,0,6,0000-00-00 00:00:00,0000-00-00 00:00:00
218,2632,01-2015,"8,390.00",0,0,0,0,0,0,0,0,0,0,0,0,0,0,6,0000-00-00 00:00:00,0000-00-00 00:00:00
219,2633,01-2015,"5,240.00",0,0,0,0,0,0,0,0,0,0,0,0,0,0,6,0000-00-00 00:00:00,0000-00-00 00:00:00
220,2634,01-2015,"5,240.00",0,0,0,0,0,0,0,0,0,0,0,0,0,0,6,0000-00-00 00:00:00,0000-00-00 00:00:00
221,2635,01-2015,"13,800.00",0,0,0,0,0,0,0,0,0,0,0,0,0,0,6,0000-00-00 00:00:00,0000-00-00 00:00:00
222,2636,01-2015,"7,770.00",0,0,0,0,0,0,0,0,0,0,0,0,0,0,6,0000-00-00 00:00:00,0000-00-00 00:00:00
223,2637,01-2015,"4,140.00",0,0,0,0,0,0,0,0,0,0,0,0,0,0,6,0000-00-00 00:00:00,0000-00-00 00:00:00
224,2638,01-2015,"4,140.00",0,0,0,0,0,0,0,0,0,0,0,0,0,0,6,0000-00-00 00:00:00,0000-00-00 00:00:00
225,2640,01-2015,"4,140.00",0,0,0,0,0,0,0,0,0,0,0,0,0,0,6,0000-00-00 00:00:00,0000-00-00 00:00:00
226,2641,01-2015,"4,140.00",0,0,0,0,0,0,0,0,0,0,0,0,0,0,6,0000-00-00 00:00:00,0000-00-00 00:00:00
227,2642,01-2015,"4,440.00",0,0,0,0,0,0,0,0,0,0,0,0,0,0,6,0000-00-00 00:00:00,0000-00-00 00:00:00
228,2643,01-2015,"4,140.00",0,0,0,0,0,0,0,0,0,0,0,0,0,0,6,0000-00-00 00:00:00,0000-00-00 00:00:00
229,2757,01-2015,"7,380.00",0,0,0,0,0,0,0,0,0,0,0,0,0,0,6,0000-00-00 00:00:00,0000-00-00 00:00:00
230,2776,01-2015,"8,560.00",0,0,0,0,0,0,0,0,0,0,0,0,0,0,6,0000-00-00 00:00:00,0000-00-00 00:00:00
231,2785,01-2015,"5,900.00",0,0,0,0,0,0,0,0,0,0,0,0,0,0,6,0000-00-00 00:00:00,0000-00-00 00:00:00
232,2795,01-2015,"9,810.00",0,0,0,0,0,0,0,0,0,0,0,0,0,0,6,0000-00-00 00:00:00,0000-00-00 00:00:00
233,2797,01-2015,"4,820.00",0,0,0,0,0,0,0,0,0,0,0,0,0,0,6,0000-00-00 00:00:00,0000-00-00 00:00:00
234,2807,01-2015,"3,225.00",0,0,0,0,0,0,0,0,0,0,0,0,0,0,6,0000-00-00 00:00:00,0000-00-00 00:00:00
235,2831,01-2015,510,0,0,0,0,0,0,0,0,0,0,0,0,0,0,6,0000-00-00 00:00:00,0000-00-00 00:00:00
236,2866,01-2015,"2,480.00",0,0,0,0,0,0,0,0,0,0,0,0,0,0,6,0000-00-00 00:00:00,0000-00-00 00:00:00
237,3349,01-2015,"3,700.00",0,0,0,0,0,0,0,0,0,0,0,0,0,0,6,0000-00-00 00:00:00,0000-00-00 00:00:00
238,3579,01-2015,"2,150.00",0,0,0,0,0,0,0,0,0,0,0,0,0,0,6,0000-00-00 00:00:00,0000-00-00 00:00:00
239,3607,01-2015,810,0,0,0,0,0,0,0,0,0,0,0,0,0,0,6,0000-00-00 00:00:00,0000-00-00 00:00:00
240,3630,01-2015,"3,800.00",0,0,0,0,0,0,0,0,0,0,0,0,0,0,6,0000-00-00 00:00:00,0000-00-00 00:00:00
241,1955,01-2015,"14,050.00",0,0,0,0,0,0,0,0,0,0,0,0,0,0,7,0000-00-00 00:00:00,0000-00-00 00:00:00
242,1978,01-2015,"11,800.00",0,0,0,0,0,0,0,0,0,0,0,0,0,0,7,0000-00-00 00:00:00,0000-00-00 00:00:00
243,2977,01-2015,"1,680.00",0,0,0,0,0,0,0,0,0,0,0,0,0,0,7,0000-00-00 00:00:00,0000-00-00 00:00:00
244,3034,01-2015,"2,080.00",0,0,0,0,0,0,0,0,0,0,0,0,0,0,7,0000-00-00 00:00:00,0000-00-00 00:00:00
245,3089,01-2015,"2,080.00",0,0,0,0,0,0,0,0,0,0,0,0,0,0,7,0000-00-00 00:00:00,0000-00-00 00:00:00
246,3104,01-2015,"2,080.00",0,0,0,0,0,0,0,0,0,0,0,0,0,0,7,0000-00-00 00:00:00,0000-00-00 00:00:00
247,3154,01-2015,"1,690.00",0,0,0,0,0,0,0,0,0,0,0,0,0,0,7,0000-00-00 00:00:00,0000-00-00 00:00:00
248,3182,01-2015,"1,910.00",0,0,0,0,0,0,0,0,0,0,0,0,0,0,7,0000-00-00 00:00:00,0000-00-00 00:00:00
249,3317,01-2015,"3,700.00",0,0,0,0,0,0,0,0,0,0,0,0,0,0,7,0000-00-00 00:00:00,0000-00-00 00:00:00
250,3425,01-2015,"1,480.00",0,0,0,0,0,0,0,0,0,0,0,0,0,0,7,0000-00-00 00:00:00,0000-00-00 00:00:00
251,3573,01-2015,860,0,0,0,0,0,0,0,0,0,0,0,0,0,0,7,0000-00-00 00:00:00,0000-00-00 00:00:00
252,1707,01-2015,"24,790.00",0,0,0,0,0,0,0,0,0,0,0,0,0,0,8,0000-00-00 00:00:00,0000-00-00 00:00:00
253,1957,01-2015,"11,090.00",0,0,0,0,0,0,0,0,0,0,0,0,0,0,8,0000-00-00 00:00:00,0000-00-00 00:00:00
254,2097,01-2015,"11,140.00",0,0,0,0,0,0,0,0,0,0,0,0,0,0,8,0000-00-00 00:00:00,0000-00-00 00:00:00
255,2149,01-2015,"8,210.00",0,0,0,0,0,0,0,0,0,0,0,0,0,0,8,0000-00-00 00:00:00,0000-00-00 00:00:00
256,2238,01-2015,"5,075.00",0,0,0,0,0,0,0,0,0,0,0,0,0,0,8,0000-00-00 00:00:00,0000-00-00 00:00:00
257,2358,01-2015,"21,660.00",0,0,0,0,0,0,0,0,0,0,0,0,0,0,8,0000-00-00 00:00:00,0000-00-00 00:00:00
258,2372,01-2015,"3,680.00",0,0,0,0,0,0,0,0,0,0,0,0,0,0,8,0000-00-00 00:00:00,0000-00-00 00:00:00
259,2691,01-2015,"3,180.00",0,0,0,0,0,0,0,0,0,0,0,0,0,0,8,0000-00-00 00:00:00,0000-00-00 00:00:00
260,2730,01-2015,"3,140.00",0,0,0,0,0,0,0,0,0,0,0,0,0,0,8,0000-00-00 00:00:00,0000-00-00 00:00:00
261,2857,01-2015,"2,480.00",0,0,0,0,0,0,0,0,0,0,0,0,0,0,8,0000-00-00 00:00:00,0000-00-00 00:00:00
262,2859,01-2015,"5,930.00",0,0,0,0,0,0,0,0,0,0,0,0,0,0,8,0000-00-00 00:00:00,0000-00-00 00:00:00
263,2867,01-2015,"2,480.00",0,0,0,0,0,0,0,0,0,0,0,0,0,0,8,0000-00-00 00:00:00,0000-00-00 00:00:00
264,2925,01-2015,840,0,0,0,0,0,0,0,0,0,0,0,0,0,0,8,0000-00-00 00:00:00,0000-00-00 00:00:00
265,2952,01-2015,840,0,0,0,0,0,0,0,0,0,0,0,0,0,0,8,0000-00-00 00:00:00,0000-00-00 00:00:00
266,3156,01-2015,"2,700.00",0,0,0,0,0,0,0,0,0,0,0,0,0,0,8,0000-00-00 00:00:00,0000-00-00 00:00:00
267,3453,01-2015,150,0,0,0,0,0,0,0,0,0,0,0,0,0,0,8,0000-00-00 00:00:00,0000-00-00 00:00:00
268,3515,01-2015,"3,250.00",0,0,0,0,0,0,0,0,0,0,0,0,0,0,8,0000-00-00 00:00:00,0000-00-00 00:00:00
269,3623,01-2015,"1,220.00",0,0,0,0,0,0,0,0,0,0,0,0,0,0,8,0000-00-00 00:00:00,0000-00-00 00:00:00
270,1648,01-2015,"6,210.00",0,0,0,0,0,0,0,0,0,0,0,0,0,0,9,0000-00-00 00:00:00,0000-00-00 00:00:00
271,1685,01-2015,"10,930.00",0,0,0,0,0,0,0,0,0,0,0,0,0,0,9,0000-00-00 00:00:00,0000-00-00 00:00:00
272,1810,01-2015,"6,230.00",0,0,0,0,0,0,0,0,0,0,0,0,0,0,9,0000-00-00 00:00:00,0000-00-00 00:00:00
273,1820,01-2015,"17,760.00",0,0,0,0,0,0,0,0,0,0,0,0,0,0,9,0000-00-00 00:00:00,0000-00-00 00:00:00
274,2013,01-2015,"8,170.00",0,0,0,0,0,0,0,0,0,0,0,0,0,0,9,0000-00-00 00:00:00,0000-00-00 00:00:00
275,2081,01-2015,700,0,0,0,0,0,0,0,0,0,0,0,0,0,0,9,0000-00-00 00:00:00,0000-00-00 00:00:00
276,2249,01-2015,"2,090.00",0,0,0,0,0,0,0,0,0,0,0,0,0,0,9,0000-00-00 00:00:00,0000-00-00 00:00:00
277,2312,01-2015,"3,900.00",0,0,0,0,0,0,0,0,0,0,0,0,0,0,9,0000-00-00 00:00:00,0000-00-00 00:00:00
278,2315,01-2015,"4,441.30",0,0,0,0,0,0,0,0,0,0,0,0,0,0,9,0000-00-00 00:00:00,0000-00-00 00:00:00
279,2530,01-2015,"5,120.00",0,0,0,0,0,0,0,0,0,0,0,0,0,0,9,0000-00-00 00:00:00,0000-00-00 00:00:00
280,2625,01-2015,"7,780.00",0,0,0,0,0,0,0,0,0,0,0,0,0,0,9,0000-00-00 00:00:00,0000-00-00 00:00:00
281,2799,01-2015,"2,580.00",0,0,0,0,0,0,0,0,0,0,0,0,0,0,9,0000-00-00 00:00:00,0000-00-00 00:00:00
282,2826,01-2015,"3,860.00",0,0,0,0,0,0,0,0,0,0,0,0,0,0,9,0000-00-00 00:00:00,0000-00-00 00:00:00
283,2922,01-2015,780,0,0,0,0,0,0,0,0,0,0,0,0,0,0,9,0000-00-00 00:00:00,0000-00-00 00:00:00
284,3001,01-2015,"11,270.00",0,0,0,0,0,0,0,0,0,0,0,0,0,0,9,0000-00-00 00:00:00,0000-00-00 00:00:00
285,3091,01-2015,"5,450.00",0,0,0,0,0,0,0,0,0,0,0,0,0,0,9,0000-00-00 00:00:00,0000-00-00 00:00:00
286,3114,01-2015,"1,620.00",0,0,0,0,0,0,0,0,0,0,0,0,0,0,9,0000-00-00 00:00:00,0000-00-00 00:00:00
287,3125,01-2015,510,0,0,0,0,0,0,0,0,0,0,0,0,0,0,9,0000-00-00 00:00:00,0000-00-00 00:00:00
288,3171,01-2015,760,0,0,0,0,0,0,0,0,0,0,0,0,0,0,9,0000-00-00 00:00:00,0000-00-00 00:00:00
289,3173,01-2015,760,0,0,0,0,0,0,0,0,0,0,0,0,0,0,9,0000-00-00 00:00:00,0000-00-00 00:00:00
290,3179,01-2015,"2,340.00",0,0,0,0,0,0,0,0,0,0,0,0,0,0,9,0000-00-00 00:00:00,0000-00-00 00:00:00
291,3217,01-2015,760,0,0,0,0,0,0,0,0,0,0,0,0,0,0,9,0000-00-00 00:00:00,0000-00-00 00:00:00
292,3240,01-2015,860,0,0,0,0,0,0,0,0,0,0,0,0,0,0,9,0000-00-00 00:00:00,0000-00-00 00:00:00
293,3270,01-2015,760,0,0,0,0,0,0,0,0,0,0,0,0,0,0,9,0000-00-00 00:00:00,0000-00-00 00:00:00
294,3456,01-2015,"2,260.00",0,0,0,0,0,0,0,0,0,0,0,0,0,0,9,0000-00-00 00:00:00,0000-00-00 00:00:00
295,3528,01-2015,760,0,0,0,0,0,0,0,0,0,0,0,0,0,0,9,0000-00-00 00:00:00,0000-00-00 00:00:00
296,3566,01-2015,760,0,0,0,0,0,0,0,0,0,0,0,0,0,0,9,0000-00-00 00:00:00,0000-00-00 00:00:00
297,3675,01-2015,760,0,0,0,0,0,0,0,0,0,0,0,0,0,0,9,0000-00-00 00:00:00,0000-00-00 00:00:00
298,2242,01-2015,"14,970.00",0,0,0,0,0,0,0,0,0,0,0,0,0,0,10,0000-00-00 00:00:00,0000-00-00 00:00:00
299,2680,01-2015,"9,170.00",0,0,0,0,0,0,0,0,0,0,0,0,0,0,10,0000-00-00 00:00:00,0000-00-00 00:00:00
300,2695,01-2015,"3,210.00",0,0,0,0,0,0,0,0,0,0,0,0,0,0,10,0000-00-00 00:00:00,0000-00-00 00:00:00
301,2949,01-2015,180,0,0,0,0,0,0,0,0,0,0,0,0,0,0,10,0000-00-00 00:00:00,0000-00-00 00:00:00
302,701,01-2015,"5,520.00",0,0,0,0,0,0,0,0,0,0,0,0,0,0,11,0000-00-00 00:00:00,0000-00-00 00:00:00
303,1537,01-2015,"9,035.00",0,0,0,0,0,0,0,0,0,0,0,0,0,0,11,0000-00-00 00:00:00,0000-00-00 00:00:00
304,1598,01-2015,"6,200.00",0,0,0,0,0,0,0,0,0,0,0,0,0,0,11,0000-00-00 00:00:00,0000-00-00 00:00:00
305,1674,01-2015,"8,910.00",0,0,0,0,0,0,0,0,0,0,0,0,0,0,11,0000-00-00 00:00:00,0000-00-00 00:00:00
306,1962,01-2015,"5,296.00",0,0,0,0,0,0,0,0,0,0,0,0,0,0,11,0000-00-00 00:00:00,0000-00-00 00:00:00
307,2125,01-2015,"6,120.00",0,0,0,0,0,0,0,0,0,0,0,0,0,0,11,0000-00-00 00:00:00,0000-00-00 00:00:00
308,2176,01-2015,"6,660.00",0,0,0,0,0,0,0,0,0,0,0,0,0,0,11,0000-00-00 00:00:00,0000-00-00 00:00:00
309,2196,01-2015,"16,610.00",0,0,0,0,0,0,0,0,0,0,0,0,0,0,11,0000-00-00 00:00:00,0000-00-00 00:00:00
310,2336,01-2015,"5,440.00",0,0,0,0,0,0,0,0,0,0,0,0,0,0,11,0000-00-00 00:00:00,0000-00-00 00:00:00
311,2344,01-2015,"8,430.00",0,0,0,0,0,0,0,0,0,0,0,0,0,0,11,0000-00-00 00:00:00,0000-00-00 00:00:00
312,2347,01-2015,"4,800.00",0,0,0,0,0,0,0,0,0,0,0,0,0,0,11,0000-00-00 00:00:00,0000-00-00 00:00:00
313,2353,01-2015,"8,430.00",0,0,0,0,0,0,0,0,0,0,0,0,0,0,11,0000-00-00 00:00:00,0000-00-00 00:00:00
314,2360,01-2015,"8,430.00",0,0,0,0,0,0,0,0,0,0,0,0,0,0,11,0000-00-00 00:00:00,0000-00-00 00:00:00
315,2389,01-2015,"4,510.00",0,0,0,0,0,0,0,0,0,0,0,0,0,0,11,0000-00-00 00:00:00,0000-00-00 00:00:00
316,2390,01-2015,"5,970.00",0,0,0,0,0,0,0,0,0,0,0,0,0,0,11,0000-00-00 00:00:00,0000-00-00 00:00:00
317,2403,01-2015,"4,080.00",0,0,0,0,0,0,0,0,0,0,0,0,0,0,11,0000-00-00 00:00:00,0000-00-00 00:00:00
318,2406,01-2015,"5,580.00",0,0,0,0,0,0,0,0,0,0,0,0,0,0,11,0000-00-00 00:00:00,0000-00-00 00:00:00
319,2613,01-2015,"4,080.00",0,0,0,0,0,0,0,0,0,0,0,0,0,0,11,0000-00-00 00:00:00,0000-00-00 00:00:00
320,2671,01-2015,"5,620.00",0,0,0,0,0,0,0,0,0,0,0,0,0,0,11,0000-00-00 00:00:00,0000-00-00 00:00:00
321,2731,01-2015,"4,800.00",0,0,0,0,0,0,0,0,0,0,0,0,0,0,11,0000-00-00 00:00:00,0000-00-00 00:00:00
322,2842,01-2015,"2,480.00",0,0,0,0,0,0,0,0,0,0,0,0,0,0,11,0000-00-00 00:00:00,0000-00-00 00:00:00
323,2850,01-2015,"2,480.00",0,0,0,0,0,0,0,0,0,0,0,0,0,0,11,0000-00-00 00:00:00,0000-00-00 00:00:00
324,2852,01-2015,"2,650.00",0,0,0,0,0,0,0,0,0,0,0,0,0,0,11,0000-00-00 00:00:00,0000-00-00 00:00:00
325,2871,01-2015,"2,480.00",0,0,0,0,0,0,0,0,0,0,0,0,0,0,11,0000-00-00 00:00:00,0000-00-00 00:00:00
326,2892,01-2015,"2,480.00",0,0,0,0,0,0,0,0,0,0,0,0,0,0,11,0000-00-00 00:00:00,0000-00-00 00:00:00
327,2894,01-2015,"2,480.00",0,0,0,0,0,0,0,0,0,0,0,0,0,0,11,0000-00-00 00:00:00,0000-00-00 00:00:00
328,2988,01-2015,480,0,0,0,0,0,0,0,0,0,0,0,0,0,0,11,0000-00-00 00:00:00,0000-00-00 00:00:00
329,3080,01-2015,"2,180.00",0,0,0,0,0,0,0,0,0,0,0,0,0,0,11,0000-00-00 00:00:00,0000-00-00 00:00:00
330,3210,01-2015,"4,500.00",0,0,0,0,0,0,0,0,0,0,0,0,0,0,11,0000-00-00 00:00:00,0000-00-00 00:00:00
331,3212,01-2015,"2,700.00",0,0,0,0,0,0,0,0,0,0,0,0,0,0,11,0000-00-00 00:00:00,0000-00-00 00:00:00
332,3213,01-2015,"4,500.00",0,0,0,0,0,0,0,0,0,0,0,0,0,0,11,0000-00-00 00:00:00,0000-00-00 00:00:00
333,3216,01-2015,"2,690.00",0,0,0,0,0,0,0,0,0,0,0,0,0,0,11,0000-00-00 00:00:00,0000-00-00 00:00:00
334,3387,01-2015,500,0,0,0,0,0,0,0,0,0,0,0,0,0,0,11,0000-00-00 00:00:00,0000-00-00 00:00:00
335,3401,01-2015,950,0,0,0,0,0,0,0,0,0,0,0,0,0,0,11,0000-00-00 00:00:00,0000-00-00 00:00:00
336,3450,01-2015,"2,100.00",0,0,0,0,0,0,0,0,0,0,0,0,0,0,11,0000-00-00 00:00:00,0000-00-00 00:00:00
337,3513,01-2015,"1,950.00",0,0,0,0,0,0,0,0,0,0,0,0,0,0,11,0000-00-00 00:00:00,0000-00-00 00:00:00
338,3547,01-2015,"1,120.00",0,0,0,0,0,0,0,0,0,0,0,0,0,0,11,0000-00-00 00:00:00,0000-00-00 00:00:00
339,3562,01-2015,"7,100.00",0,0,0,0,0,0,0,0,0,0,0,0,0,0,11,0000-00-00 00:00:00,0000-00-00 00:00:00
340,3618,01-2015,500,0,0,0,0,0,0,0,0,0,0,0,0,0,0,11,0000-00-00 00:00:00,0000-00-00 00:00:00
341,3641,01-2015,"1,350.00",0,0,0,0,0,0,0,0,0,0,0,0,0,0,11,0000-00-00 00:00:00,0000-00-00 00:00:00
342,3644,01-2015,"1,800.00",0,0,0,0,0,0,0,0,0,0,0,0,0,0,11,0000-00-00 00:00:00,0000-00-00 00:00:00
343,3667,01-2015,720,0,0,0,0,0,0,0,0,0,0,0,0,0,0,11,0000-00-00 00:00:00,0000-00-00 00:00:00
344,1391,01-2015,"7,289.00",0,0,0,0,0,0,0,0,0,0,0,0,0,0,12,0000-00-00 00:00:00,0000-00-00 00:00:00
345,1683,01-2015,"7,120.00",0,0,0,0,0,0,0,0,0,0,0,0,0,0,12,0000-00-00 00:00:00,0000-00-00 00:00:00
346,1709,01-2015,"8,239.20",0,0,0,0,0,0,0,0,0,0,0,0,0,0,12,0000-00-00 00:00:00,0000-00-00 00:00:00
347,1969,01-2015,,0,0,0,0,0,0,0,0,0,0,0,0,0,0,12,0000-00-00 00:00:00,0000-00-00 00:00:00
348,1993,01-2015,"8,410.00",0,0,0,0,0,0,0,0,0,0,0,0,0,0,12,0000-00-00 00:00:00,0000-00-00 00:00:00
349,2009,01-2015,"8,641.00",0,0,0,0,0,0,0,0,0,0,0,0,0,0,12,0000-00-00 00:00:00,0000-00-00 00:00:00
350,2060,01-2015,"7,407.00",0,0,0,0,0,0,0,0,0,0,0,0,0,0,12,0000-00-00 00:00:00,0000-00-00 00:00:00
351,2079,01-2015,"6,060.00",0,0,0,0,0,0,0,0,0,0,0,0,0,0,12,0000-00-00 00:00:00,0000-00-00 00:00:00
352,2087,01-2015,"4,080.00",0,0,0,0,0,0,0,0,0,0,0,0,0,0,12,0000-00-00 00:00:00,0000-00-00 00:00:00
353,2088,01-2015,"4,790.00",0,0,0,0,0,0,0,0,0,0,0,0,0,0,12,0000-00-00 00:00:00,0000-00-00 00:00:00
354,2105,01-2015,"5,100.00",0,0,0,0,0,0,0,0,0,0,0,0,0,0,12,0000-00-00 00:00:00,0000-00-00 00:00:00
355,2166,01-2015,"2,050.00",0,0,0,0,0,0,0,0,0,0,0,0,0,0,12,0000-00-00 00:00:00,0000-00-00 00:00:00
356,2195,01-2015,"7,843.00",0,0,0,0,0,0,0,0,0,0,0,0,0,0,12,0000-00-00 00:00:00,0000-00-00 00:00:00
357,2215,01-2015,"7,900.00",0,0,0,0,0,0,0,0,0,0,0,0,0,0,12,0000-00-00 00:00:00,0000-00-00 00:00:00
358,2261,01-2015,"10,880.00",0,0,0,0,0,0,0,0,0,0,0,0,0,0,12,0000-00-00 00:00:00,0000-00-00 00:00:00
359,2275,01-2015,"5,625.00",0,0,0,0,0,0,0,0,0,0,0,0,0,0,12,0000-00-00 00:00:00,0000-00-00 00:00:00
360,2280,01-2015,"20,960.00",0,0,0,0,0,0,0,0,0,0,0,0,0,0,12,0000-00-00 00:00:00,0000-00-00 00:00:00
361,2299,01-2015,"20,290.00",0,0,0,0,0,0,0,0,0,0,0,0,0,0,12,0000-00-00 00:00:00,0000-00-00 00:00:00
362,2337,01-2015,"5,630.00",0,0,0,0,0,0,0,0,0,0,0,0,0,0,12,0000-00-00 00:00:00,0000-00-00 00:00:00
363,2350,01-2015,"5,669.00",0,0,0,0,0,0,0,0,0,0,0,0,0,0,12,0000-00-00 00:00:00,0000-00-00 00:00:00
364,2351,01-2015,"5,589.00",0,0,0,0,0,0,0,0,0,0,0,0,0,0,12,0000-00-00 00:00:00,0000-00-00 00:00:00
365,2352,01-2015,"7,070.00",0,0,0,0,0,0,0,0,0,0,0,0,0,0,12,0000-00-00 00:00:00,0000-00-00 00:00:00
366,2383,01-2015,"7,480.00",0,0,0,0,0,0,0,0,0,0,0,0,0,0,12,0000-00-00 00:00:00,0000-00-00 00:00:00
367,2404,01-2015,"5,216.00",0,0,0,0,0,0,0,0,0,0,0,0,0,0,12,0000-00-00 00:00:00,0000-00-00 00:00:00
368,2437,01-2015,"4,740.00",0,0,0,0,0,0,0,0,0,0,0,0,0,0,12,0000-00-00 00:00:00,0000-00-00 00:00:00
369,2497,01-2015,"5,630.00",0,0,0,0,0,0,0,0,0,0,0,0,0,0,12,0000-00-00 00:00:00,0000-00-00 00:00:00
370,2499,01-2015,"6,020.00",0,0,0,0,0,0,0,0,0,0,0,0,0,0,12,0000-00-00 00:00:00,0000-00-00 00:00:00
371,2502,01-2015,"1,900.00",0,0,0,0,0,0,0,0,0,0,0,0,0,0,12,0000-00-00 00:00:00,0000-00-00 00:00:00
372,2515,01-2015,"3,900.00",0,0,0,0,0,0,0,0,0,0,0,0,0,0,12,0000-00-00 00:00:00,0000-00-00 00:00:00
373,2517,01-2015,"2,700.00",0,0,0,0,0,0,0,0,0,0,0,0,0,0,12,0000-00-00 00:00:00,0000-00-00 00:00:00
374,2552,01-2015,"4,080.00",0,0,0,0,0,0,0,0,0,0,0,0,0,0,12,0000-00-00 00:00:00,0000-00-00 00:00:00
375,2559,01-2015,"5,380.00",0,0,0,0,0,0,0,0,0,0,0,0,0,0,12,0000-00-00 00:00:00,0000-00-00 00:00:00
376,2563,01-2015,"3,140.00",0,0,0,0,0,0,0,0,0,0,0,0,0,0,12,0000-00-00 00:00:00,0000-00-00 00:00:00
377,2578,01-2015,"4,150.00",0,0,0,0,0,0,0,0,0,0,0,0,0,0,12,0000-00-00 00:00:00,0000-00-00 00:00:00
378,2661,01-2015,"12,740.00",0,0,0,0,0,0,0,0,0,0,0,0,0,0,12,0000-00-00 00:00:00,0000-00-00 00:00:00
379,2665,01-2015,"6,500.00",0,0,0,0,0,0,0,0,0,0,0,0,0,0,12,0000-00-00 00:00:00,0000-00-00 00:00:00
380,2706,01-2015,"5,510.00",0,0,0,0,0,0,0,0,0,0,0,0,0,0,12,0000-00-00 00:00:00,0000-00-00 00:00:00
381,2713,01-2015,"3,200.00",0,0,0,0,0,0,0,0,0,0,0,0,0,0,12,0000-00-00 00:00:00,0000-00-00 00:00:00
382,2717,01-2015,"3,200.00",0,0,0,0,0,0,0,0,0,0,0,0,0,0,12,0000-00-00 00:00:00,0000-00-00 00:00:00
383,2721,01-2015,"3,540.00",0,0,0,0,0,0,0,0,0,0,0,0,0,0,12,0000-00-00 00:00:00,0000-00-00 00:00:00
384,2769,01-2015,"5,730.00",0,0,0,0,0,0,0,0,0,0,0,0,0,0,12,0000-00-00 00:00:00,0000-00-00 00:00:00
385,2820,01-2015,"6,390.00",0,0,0,0,0,0,0,0,0,0,0,0,0,0,12,0000-00-00 00:00:00,0000-00-00 00:00:00
386,2843,01-2015,"5,060.00",0,0,0,0,0,0,0,0,0,0,0,0,0,0,12,0000-00-00 00:00:00,0000-00-00 00:00:00
387,2910,01-2015,"3,510.00",0,0,0,0,0,0,0,0,0,0,0,0,0,0,12,0000-00-00 00:00:00,0000-00-00 00:00:00
388,2911,01-2015,"3,510.00",0,0,0,0,0,0,0,0,0,0,0,0,0,0,12,0000-00-00 00:00:00,0000-00-00 00:00:00
389,2915,01-2015,"3,450.00",0,0,0,0,0,0,0,0,0,0,0,0,0,0,12,0000-00-00 00:00:00,0000-00-00 00:00:00
390,2919,01-2015,"3,690.00",0,0,0,0,0,0,0,0,0,0,0,0,0,0,12,0000-00-00 00:00:00,0000-00-00 00:00:00
391,2946,01-2015,"2,180.00",0,0,0,0,0,0,0,0,0,0,0,0,0,0,12,0000-00-00 00:00:00,0000-00-00 00:00:00
392,2950,01-2015,"5,060.00",0,0,0,0,0,0,0,0,0,0,0,0,0,0,12,0000-00-00 00:00:00,0000-00-00 00:00:00
393,2961,01-2015,270,0,0,0,0,0,0,0,0,0,0,0,0,0,0,12,0000-00-00 00:00:00,0000-00-00 00:00:00
394,2965,01-2015,"5,150.00",0,0,0,0,0,0,0,0,0,0,0,0,0,0,12,0000-00-00 00:00:00,0000-00-00 00:00:00
395,3062,01-2015,"3,150.00",0,0,0,0,0,0,0,0,0,0,0,0,0,0,12,0000-00-00 00:00:00,0000-00-00 00:00:00
396,3064,01-2015,"3,980.00",0,0,0,0,0,0,0,0,0,0,0,0,0,0,12,0000-00-00 00:00:00,0000-00-00 00:00:00
397,3072,01-2015,"3,120.00",0,0,0,0,0,0,0,0,0,0,0,0,0,0,12,0000-00-00 00:00:00,0000-00-00 00:00:00
398,3076,01-2015,"2,180.00",0,0,0,0,0,0,0,0,0,0,0,0,0,0,12,0000-00-00 00:00:00,0000-00-00 00:00:00
399,3081,01-2015,"2,180.00",0,0,0,0,0,0,0,0,0,0,0,0,0,0,12,0000-00-00 00:00:00,0000-00-00 00:00:00
400,3096,01-2015,"2,080.00",0,0,0,0,0,0,0,0,0,0,0,0,0,0,12,0000-00-00 00:00:00,0000-00-00 00:00:00
401,3174,01-2015,"2,020.00",0,0,0,0,0,0,0,0,0,0,0,0,0,0,12,0000-00-00 00:00:00,0000-00-00 00:00:00
402,3180,01-2015,100,0,0,0,0,0,0,0,0,0,0,0,0,0,0,12,0000-00-00 00:00:00,0000-00-00 00:00:00
403,3198,01-2015,"4,450.00",0,0,0,0,0,0,0,0,0,0,0,0,0,0,12,0000-00-00 00:00:00,0000-00-00 00:00:00
404,3199,01-2015,"4,500.00",0,0,0,0,0,0,0,0,0,0,0,0,0,0,12,0000-00-00 00:00:00,0000-00-00 00:00:00
405,3202,01-2015,"2,430.00",0,0,0,0,0,0,0,0,0,0,0,0,0,0,12,0000-00-00 00:00:00,0000-00-00 00:00:00
406,3207,01-2015,"1,800.00",0,0,0,0,0,0,0,0,0,0,0,0,0,0,12,0000-00-00 00:00:00,0000-00-00 00:00:00
407,3208,01-2015,"1,800.00",0,0,0,0,0,0,0,0,0,0,0,0,0,0,12,0000-00-00 00:00:00,0000-00-00 00:00:00
408,3279,01-2015,"2,370.00",0,0,0,0,0,0,0,0,0,0,0,0,0,0,12,0000-00-00 00:00:00,0000-00-00 00:00:00
409,3281,01-2015,"4,200.00",0,0,0,0,0,0,0,0,0,0,0,0,0,0,12,0000-00-00 00:00:00,0000-00-00 00:00:00
410,3302,01-2015,"1,880.00",0,0,0,0,0,0,0,0,0,0,0,0,0,0,12,0000-00-00 00:00:00,0000-00-00 00:00:00
411,3315,01-2015,90,0,0,0,0,0,0,0,0,0,0,0,0,0,0,12,0000-00-00 00:00:00,0000-00-00 00:00:00
412,3439,01-2015,"1,480.00",0,0,0,0,0,0,0,0,0,0,0,0,0,0,12,0000-00-00 00:00:00,0000-00-00 00:00:00
413,3449,01-2015,"1,480.00",0,0,0,0,0,0,0,0,0,0,0,0,0,0,12,0000-00-00 00:00:00,0000-00-00 00:00:00
414,3454,01-2015,"1,480.00",0,0,0,0,0,0,0,0,0,0,0,0,0,0,12,0000-00-00 00:00:00,0000-00-00 00:00:00
415,3506,01-2015,"1,950.00",0,0,0,0,0,0,0,0,0,0,0,0,0,0,12,0000-00-00 00:00:00,0000-00-00 00:00:00
416,3532,01-2015,"1,680.00",0,0,0,0,0,0,0,0,0,0,0,0,0,0,12,0000-00-00 00:00:00,0000-00-00 00:00:00
417,3543,01-2015,"1,300.00",0,0,0,0,0,0,0,0,0,0,0,0,0,0,12,0000-00-00 00:00:00,0000-00-00 00:00:00
418,2611,01-2015,"1,080.00",0,0,0,0,0,0,0,0,0,0,0,0,0,0,12,0000-00-00 00:00:00,0000-00-00 00:00:00
419,3646,01-2015,270,0,0,0,0,0,0,0,0,0,0,0,0,0,0,,0000-00-00 00:00:00,0000-00-00 00:00:00
420,1508,01-2015,"7,166.18",0,0,0,0,0,0,0,0,0,0,0,0,0,0,13,0000-00-00 00:00:00,0000-00-00 00:00:00
421,1548,01-2015,"63,765.00",0,0,0,0,0,0,0,0,0,0,0,0,0,0,13,0000-00-00 00:00:00,0000-00-00 00:00:00
422,1569,01-2015,,0,0,0,0,0,0,0,0,0,0,0,0,0,0,13,0000-00-00 00:00:00,0000-00-00 00:00:00
423,1586,01-2015,"5,790.00",0,0,0,0,0,0,0,0,0,0,0,0,0,0,13,0000-00-00 00:00:00,0000-00-00 00:00:00
424,1615,01-2015,"17,723.00",0,0,0,0,0,0,0,0,0,0,0,0,0,0,13,0000-00-00 00:00:00,0000-00-00 00:00:00
425,1672,01-2015,"18,980.00",0,0,0,0,0,0,0,0,0,0,0,0,0,0,13,0000-00-00 00:00:00,0000-00-00 00:00:00
426,1788,01-2015,"7,220.00",0,0,0,0,0,0,0,0,0,0,0,0,0,0,13,0000-00-00 00:00:00,0000-00-00 00:00:00
427,1886,01-2015,"4,910.00",0,0,0,0,0,0,0,0,0,0,0,0,0,0,13,0000-00-00 00:00:00,0000-00-00 00:00:00
428,1933,01-2015,"7,530.00",0,0,0,0,0,0,0,0,0,0,0,0,0,0,13,0000-00-00 00:00:00,0000-00-00 00:00:00
429,1957,01-2015,,0,0,0,0,0,0,0,0,0,0,0,0,0,0,13,0000-00-00 00:00:00,0000-00-00 00:00:00
430,1966,01-2015,"7,540.00",0,0,0,0,0,0,0,0,0,0,0,0,0,0,13,0000-00-00 00:00:00,0000-00-00 00:00:00
431,1982,01-2015,"7,492.00",0,0,0,0,0,0,0,0,0,0,0,0,0,0,13,0000-00-00 00:00:00,0000-00-00 00:00:00
432,1995,01-2015,"6,925.00",0,0,0,0,0,0,0,0,0,0,0,0,0,0,13,0000-00-00 00:00:00,0000-00-00 00:00:00
433,1998,01-2015,"12,930.00",0,0,0,0,0,0,0,0,0,0,0,0,0,0,13,0000-00-00 00:00:00,0000-00-00 00:00:00
434,2021,01-2015,"6,990.00",0,0,0,0,0,0,0,0,0,0,0,0,0,0,13,0000-00-00 00:00:00,0000-00-00 00:00:00
435,2049,01-2015,"7,220.00",0,0,0,0,0,0,0,0,0,0,0,0,0,0,13,0000-00-00 00:00:00,0000-00-00 00:00:00
436,2102,01-2015,"12,688.00",0,0,0,0,0,0,0,0,0,0,0,0,0,0,13,0000-00-00 00:00:00,0000-00-00 00:00:00
437,2175,01-2015,"6,960.00",0,0,0,0,0,0,0,0,0,0,0,0,0,0,13,0000-00-00 00:00:00,0000-00-00 00:00:00
438,2197,01-2015,"8,780.00",0,0,0,0,0,0,0,0,0,0,0,0,0,0,13,0000-00-00 00:00:00,0000-00-00 00:00:00
439,2210,01-2015,"5,480.00",0,0,0,0,0,0,0,0,0,0,0,0,0,0,13,0000-00-00 00:00:00,0000-00-00 00:00:00
440,2270,01-2015,"33,560.00",0,0,0,0,0,0,0,0,0,0,0,0,0,0,13,0000-00-00 00:00:00,0000-00-00 00:00:00
441,2288,01-2015,"4,620.00",0,0,0,0,0,0,0,0,0,0,0,0,0,0,13,0000-00-00 00:00:00,0000-00-00 00:00:00
442,2301,01-2015,"5,820.00",0,0,0,0,0,0,0,0,0,0,0,0,0,0,13,0000-00-00 00:00:00,0000-00-00 00:00:00
443,2304,01-2015,"6,840.00",0,0,0,0,0,0,0,0,0,0,0,0,0,0,13,0000-00-00 00:00:00,0000-00-00 00:00:00
444,2327,01-2015,"9,930.00",0,0,0,0,0,0,0,0,0,0,0,0,0,0,13,0000-00-00 00:00:00,0000-00-00 00:00:00
445,2341,01-2015,"4,050.00",0,0,0,0,0,0,0,0,0,0,0,0,0,0,13,0000-00-00 00:00:00,0000-00-00 00:00:00
446,2342,01-2015,"5,600.00",0,0,0,0,0,0,0,0,0,0,0,0,0,0,13,0000-00-00 00:00:00,0000-00-00 00:00:00
447,2359,01-2015,"6,100.00",0,0,0,0,0,0,0,0,0,0,0,0,0,0,13,0000-00-00 00:00:00,0000-00-00 00:00:00
448,2362,01-2015,"8,400.00",0,0,0,0,0,0,0,0,0,0,0,0,0,0,13,0000-00-00 00:00:00,0000-00-00 00:00:00
449,2408,01-2015,"4,260.00",0,0,0,0,0,0,0,0,0,0,0,0,0,0,13,0000-00-00 00:00:00,0000-00-00 00:00:00
450,2422,01-2015, -   ,0,0,0,0,0,0,0,0,0,0,0,0,0,0,13,0000-00-00 00:00:00,0000-00-00 00:00:00
451,2442,01-2015,"9,830.00",0,0,0,0,0,0,0,0,0,0,0,0,0,0,13,0000-00-00 00:00:00,0000-00-00 00:00:00
452,2460,01-2015,"6,150.00",0,0,0,0,0,0,0,0,0,0,0,0,0,0,13,0000-00-00 00:00:00,0000-00-00 00:00:00
453,2461,01-2015,"10,260.00",0,0,0,0,0,0,0,0,0,0,0,0,0,0,13,0000-00-00 00:00:00,0000-00-00 00:00:00
454,2462,01-2015,"7,450.00",0,0,0,0,0,0,0,0,0,0,0,0,0,0,13,0000-00-00 00:00:00,0000-00-00 00:00:00
455,2463,01-2015,"4,400.00",0,0,0,0,0,0,0,0,0,0,0,0,0,0,13,0000-00-00 00:00:00,0000-00-00 00:00:00
456,2482,01-2015,"10,060.00",0,0,0,0,0,0,0,0,0,0,0,0,0,0,13,0000-00-00 00:00:00,0000-00-00 00:00:00
457,2486,01-2015,"8,640.00",0,0,0,0,0,0,0,0,0,0,0,0,0,0,13,0000-00-00 00:00:00,0000-00-00 00:00:00
458,2579,01-2015,"5,420.00",0,0,0,0,0,0,0,0,0,0,0,0,0,0,13,0000-00-00 00:00:00,0000-00-00 00:00:00
459,2580,01-2015,"9,930.00",0,0,0,0,0,0,0,0,0,0,0,0,0,0,13,0000-00-00 00:00:00,0000-00-00 00:00:00
460,2580,01-2015,"13,840.00",0,0,0,0,0,0,0,0,0,0,0,0,0,0,13,0000-00-00 00:00:00,0000-00-00 00:00:00
461,2582,01-2015,"4,440.00",0,0,0,0,0,0,0,0,0,0,0,0,0,0,13,0000-00-00 00:00:00,0000-00-00 00:00:00
462,2583,01-2015,"4,440.00",0,0,0,0,0,0,0,0,0,0,0,0,0,0,13,0000-00-00 00:00:00,0000-00-00 00:00:00
463,2584,01-2015,"6,220.00",0,0,0,0,0,0,0,0,0,0,0,0,0,0,13,0000-00-00 00:00:00,0000-00-00 00:00:00
464,2585,01-2015,"10,280.00",0,0,0,0,0,0,0,0,0,0,0,0,0,0,13,0000-00-00 00:00:00,0000-00-00 00:00:00
465,2587,01-2015,"6,090.00",0,0,0,0,0,0,0,0,0,0,0,0,0,0,13,0000-00-00 00:00:00,0000-00-00 00:00:00
466,2588,01-2015,"11,730.00",0,0,0,0,0,0,0,0,0,0,0,0,0,0,13,0000-00-00 00:00:00,0000-00-00 00:00:00
467,2589,01-2015,"5,050.00",0,0,0,0,0,0,0,0,0,0,0,0,0,0,13,0000-00-00 00:00:00,0000-00-00 00:00:00
468,2591,01-2015,"18,800.00",0,0,0,0,0,0,0,0,0,0,0,0,0,0,13,0000-00-00 00:00:00,0000-00-00 00:00:00
469,2592,01-2015,"17,200.00",0,0,0,0,0,0,0,0,0,0,0,0,0,0,13,0000-00-00 00:00:00,0000-00-00 00:00:00
470,2593,01-2015,"9,340.00",0,0,0,0,0,0,0,0,0,0,0,0,0,0,13,0000-00-00 00:00:00,0000-00-00 00:00:00
471,2663,01-2015,"4,140.00",0,0,0,0,0,0,0,0,0,0,0,0,0,0,13,0000-00-00 00:00:00,0000-00-00 00:00:00
472,2674,01-2015,"6,110.00",0,0,0,0,0,0,0,0,0,0,0,0,0,0,13,0000-00-00 00:00:00,0000-00-00 00:00:00
473,2688,01-2015,"4,890.00",0,0,0,0,0,0,0,0,0,0,0,0,0,0,13,0000-00-00 00:00:00,0000-00-00 00:00:00
474,2694,01-2015,"1,800.00",0,0,0,0,0,0,0,0,0,0,0,0,0,0,13,0000-00-00 00:00:00,0000-00-00 00:00:00
475,2700,01-2015,"2,960.00",0,0,0,0,0,0,0,0,0,0,0,0,0,0,13,0000-00-00 00:00:00,0000-00-00 00:00:00
476,2701,01-2015,"4,800.00",0,0,0,0,0,0,0,0,0,0,0,0,0,0,13,0000-00-00 00:00:00,0000-00-00 00:00:00
477,2707,01-2015,"4,710.00",0,0,0,0,0,0,0,0,0,0,0,0,0,0,13,0000-00-00 00:00:00,0000-00-00 00:00:00
478,2725,01-2015,"5,930.00",0,0,0,0,0,0,0,0,0,0,0,0,0,0,13,0000-00-00 00:00:00,0000-00-00 00:00:00
479,2727,01-2015,"4,120.00",0,0,0,0,0,0,0,0,0,0,0,0,0,0,13,0000-00-00 00:00:00,0000-00-00 00:00:00
480,2740,01-2015,"3,010.00",0,0,0,0,0,0,0,0,0,0,0,0,0,0,13,0000-00-00 00:00:00,0000-00-00 00:00:00
481,2742,01-2015,"7,450.00",0,0,0,0,0,0,0,0,0,0,0,0,0,0,13,0000-00-00 00:00:00,0000-00-00 00:00:00
482,2755,01-2015,"6,870.00",0,0,0,0,0,0,0,0,0,0,0,0,0,0,13,0000-00-00 00:00:00,0000-00-00 00:00:00
483,2759,01-2015,"4,230.00",0,0,0,0,0,0,0,0,0,0,0,0,0,0,13,0000-00-00 00:00:00,0000-00-00 00:00:00
484,2763,01-2015,"4,150.00",0,0,0,0,0,0,0,0,0,0,0,0,0,0,13,0000-00-00 00:00:00,0000-00-00 00:00:00
485,2770,01-2015,"6,210.00",0,0,0,0,0,0,0,0,0,0,0,0,0,0,13,0000-00-00 00:00:00,0000-00-00 00:00:00
486,2771,01-2015,"3,870.00",0,0,0,0,0,0,0,0,0,0,0,0,0,0,13,0000-00-00 00:00:00,0000-00-00 00:00:00
487,2773,01-2015,"6,450.00",0,0,0,0,0,0,0,0,0,0,0,0,0,0,13,0000-00-00 00:00:00,0000-00-00 00:00:00
488,2775,01-2015,300,0,0,0,0,0,0,0,0,0,0,0,0,0,0,13,0000-00-00 00:00:00,0000-00-00 00:00:00
489,2778,01-2015,"10,590.00",0,0,0,0,0,0,0,0,0,0,0,0,0,0,13,0000-00-00 00:00:00,0000-00-00 00:00:00
490,2808,01-2015,"4,250.00",0,0,0,0,0,0,0,0,0,0,0,0,0,0,13,0000-00-00 00:00:00,0000-00-00 00:00:00
491,2812,01-2015,"5,010.00",0,0,0,0,0,0,0,0,0,0,0,0,0,0,13,0000-00-00 00:00:00,0000-00-00 00:00:00
492,2813,01-2015,,0,0,0,0,0,0,0,0,0,0,0,0,0,0,13,0000-00-00 00:00:00,0000-00-00 00:00:00
493,2817,01-2015,"6,280.00",0,0,0,0,0,0,0,0,0,0,0,0,0,0,13,0000-00-00 00:00:00,0000-00-00 00:00:00
494,2832,01-2015,"1,600.00",0,0,0,0,0,0,0,0,0,0,0,0,0,0,13,0000-00-00 00:00:00,0000-00-00 00:00:00
495,2849,01-2015,"2,480.00",0,0,0,0,0,0,0,0,0,0,0,0,0,0,13,0000-00-00 00:00:00,0000-00-00 00:00:00
496,2853,01-2015,"8,180.00",0,0,0,0,0,0,0,0,0,0,0,0,0,0,13,0000-00-00 00:00:00,0000-00-00 00:00:00
497,2854,01-2015,"2,480.00",0,0,0,0,0,0,0,0,0,0,0,0,0,0,13,0000-00-00 00:00:00,0000-00-00 00:00:00
498,2860,01-2015,"5,930.00",0,0,0,0,0,0,0,0,0,0,0,0,0,0,13,0000-00-00 00:00:00,0000-00-00 00:00:00
499,2863,01-2015,"5,930.00",0,0,0,0,0,0,0,0,0,0,0,0,0,0,13,0000-00-00 00:00:00,0000-00-00 00:00:00
500,2864,01-2015,"2,480.00",0,0,0,0,0,0,0,0,0,0,0,0,0,0,13,0000-00-00 00:00:00,0000-00-00 00:00:00
501,2865,01-2015,"2,920.00",0,0,0,0,0,0,0,0,0,0,0,0,0,0,13,0000-00-00 00:00:00,0000-00-00 00:00:00
502,2870,01-2015,"2,960.00",0,0,0,0,0,0,0,0,0,0,0,0,0,0,13,0000-00-00 00:00:00,0000-00-00 00:00:00
503,2877,01-2015,"5,240.00",0,0,0,0,0,0,0,0,0,0,0,0,0,0,13,0000-00-00 00:00:00,0000-00-00 00:00:00
504,2878,01-2015,"4,430.00",0,0,0,0,0,0,0,0,0,0,0,0,0,0,13,0000-00-00 00:00:00,0000-00-00 00:00:00
505,2879,01-2015,"5,330.00",0,0,0,0,0,0,0,0,0,0,0,0,0,0,13,0000-00-00 00:00:00,0000-00-00 00:00:00
506,2896,01-2015,"5,960.00",0,0,0,0,0,0,0,0,0,0,0,0,0,0,13,0000-00-00 00:00:00,0000-00-00 00:00:00
507,2903,01-2015,"5,750.00",0,0,0,0,0,0,0,0,0,0,0,0,0,0,13,0000-00-00 00:00:00,0000-00-00 00:00:00
508,2904,01-2015,"3,825.00",0,0,0,0,0,0,0,0,0,0,0,0,0,0,13,0000-00-00 00:00:00,0000-00-00 00:00:00
509,2916,01-2015, -   ,0,0,0,0,0,0,0,0,0,0,0,0,0,0,13,0000-00-00 00:00:00,0000-00-00 00:00:00
510,2920,01-2015,"5,870.00",0,0,0,0,0,0,0,0,0,0,0,0,0,0,13,0000-00-00 00:00:00,0000-00-00 00:00:00
511,2933,01-2015,"5,450.00",0,0,0,0,0,0,0,0,0,0,0,0,0,0,13,0000-00-00 00:00:00,0000-00-00 00:00:00
512,2945,01-2015,"2,210.00",0,0,0,0,0,0,0,0,0,0,0,0,0,0,13,0000-00-00 00:00:00,0000-00-00 00:00:00
513,2948,01-2015,"2,180.00",0,0,0,0,0,0,0,0,0,0,0,0,0,0,13,0000-00-00 00:00:00,0000-00-00 00:00:00
514,2979,01-2015,"5,560.00",0,0,0,0,0,0,0,0,0,0,0,0,0,0,13,0000-00-00 00:00:00,0000-00-00 00:00:00
515,2981,01-2015,150,0,0,0,0,0,0,0,0,0,0,0,0,0,0,13,0000-00-00 00:00:00,0000-00-00 00:00:00
516,2982,01-2015,"4,660.00",0,0,0,0,0,0,0,0,0,0,0,0,0,0,13,0000-00-00 00:00:00,0000-00-00 00:00:00
517,2987,01-2015,"3,470.00",0,0,0,0,0,0,0,0,0,0,0,0,0,0,13,0000-00-00 00:00:00,0000-00-00 00:00:00
518,2989,01-2015,"2,500.00",0,0,0,0,0,0,0,0,0,0,0,0,0,0,13,0000-00-00 00:00:00,0000-00-00 00:00:00
519,2990,01-2015,"4,800.00",0,0,0,0,0,0,0,0,0,0,0,0,0,0,13,0000-00-00 00:00:00,0000-00-00 00:00:00
520,2992,01-2015,"3,090.00",0,0,0,0,0,0,0,0,0,0,0,0,0,0,13,0000-00-00 00:00:00,0000-00-00 00:00:00
521,2994,01-2015,"4,750.00",0,0,0,0,0,0,0,0,0,0,0,0,0,0,13,0000-00-00 00:00:00,0000-00-00 00:00:00
522,2996,01-2015,"9,000.00",0,0,0,0,0,0,0,0,0,0,0,0,0,0,13,0000-00-00 00:00:00,0000-00-00 00:00:00
523,2997,01-2015,"5,450.00",0,0,0,0,0,0,0,0,0,0,0,0,0,0,13,0000-00-00 00:00:00,0000-00-00 00:00:00
524,3010,01-2015,"2,080.00",0,0,0,0,0,0,0,0,0,0,0,0,0,0,13,0000-00-00 00:00:00,0000-00-00 00:00:00
525,3011,01-2015,"6,550.00",0,0,0,0,0,0,0,0,0,0,0,0,0,0,13,0000-00-00 00:00:00,0000-00-00 00:00:00
526,3012,01-2015,"1,980.00",0,0,0,0,0,0,0,0,0,0,0,0,0,0,13,0000-00-00 00:00:00,0000-00-00 00:00:00
527,3019,01-2015,"4,391.62",0,0,0,0,0,0,0,0,0,0,0,0,0,0,13,0000-00-00 00:00:00,0000-00-00 00:00:00
528,3020,01-2015,"6,690.00",0,0,0,0,0,0,0,0,0,0,0,0,0,0,13,0000-00-00 00:00:00,0000-00-00 00:00:00
529,3026,01-2015,"5,250.00",0,0,0,0,0,0,0,0,0,0,0,0,0,0,13,0000-00-00 00:00:00,0000-00-00 00:00:00
530,3028,01-2015,"3,090.00",0,0,0,0,0,0,0,0,0,0,0,0,0,0,13,0000-00-00 00:00:00,0000-00-00 00:00:00
531,3029,01-2015,"3,120.00",0,0,0,0,0,0,0,0,0,0,0,0,0,0,13,0000-00-00 00:00:00,0000-00-00 00:00:00
532,3035,01-2015,"5,040.00",0,0,0,0,0,0,0,0,0,0,0,0,0,0,13,0000-00-00 00:00:00,0000-00-00 00:00:00
533,3039,01-2015,501,0,0,0,0,0,0,0,0,0,0,0,0,0,0,13,0000-00-00 00:00:00,0000-00-00 00:00:00
534,3043,01-2015,"2,670.00",0,0,0,0,0,0,0,0,0,0,0,0,0,0,13,0000-00-00 00:00:00,0000-00-00 00:00:00
535,3047,01-2015,"1,900.00",0,0,0,0,0,0,0,0,0,0,0,0,0,0,13,0000-00-00 00:00:00,0000-00-00 00:00:00
536,3053,01-2015,"4,160.00",0,0,0,0,0,0,0,0,0,0,0,0,0,0,13,0000-00-00 00:00:00,0000-00-00 00:00:00
537,3060,01-2015,"5,150.00",0,0,0,0,0,0,0,0,0,0,0,0,0,0,13,0000-00-00 00:00:00,0000-00-00 00:00:00
538,3068,01-2015,"2,060.00",0,0,0,0,0,0,0,0,0,0,0,0,0,0,13,0000-00-00 00:00:00,0000-00-00 00:00:00
539,3071,01-2015,"2,650.00",0,0,0,0,0,0,0,0,0,0,0,0,0,0,13,0000-00-00 00:00:00,0000-00-00 00:00:00
540,3077,01-2015,"7,140.00",0,0,0,0,0,0,0,0,0,0,0,0,0,0,13,0000-00-00 00:00:00,0000-00-00 00:00:00
541,3086,01-2015,"1,700.00",0,0,0,0,0,0,0,0,0,0,0,0,0,0,13,0000-00-00 00:00:00,0000-00-00 00:00:00
542,3087,01-2015,"2,050.00",0,0,0,0,0,0,0,0,0,0,0,0,0,0,13,0000-00-00 00:00:00,0000-00-00 00:00:00
543,3094,01-2015,"4,500.00",0,0,0,0,0,0,0,0,0,0,0,0,0,0,13,0000-00-00 00:00:00,0000-00-00 00:00:00
544,3097,01-2015,"1,080.00",0,0,0,0,0,0,0,0,0,0,0,0,0,0,13,0000-00-00 00:00:00,0000-00-00 00:00:00
545,3133,01-2015,"3,750.00",0,0,0,0,0,0,0,0,0,0,0,0,0,0,13,0000-00-00 00:00:00,0000-00-00 00:00:00
546,3141,01-2015,150,0,0,0,0,0,0,0,0,0,0,0,0,0,0,13,0000-00-00 00:00:00,0000-00-00 00:00:00
547,3161,01-2015,"6,640.00",0,0,0,0,0,0,0,0,0,0,0,0,0,0,13,0000-00-00 00:00:00,0000-00-00 00:00:00
548,3163,01-2015,"1,140.00",0,0,0,0,0,0,0,0,0,0,0,0,0,0,13,0000-00-00 00:00:00,0000-00-00 00:00:00
549,3164,01-2015,"7,274.00",0,0,0,0,0,0,0,0,0,0,0,0,0,0,13,0000-00-00 00:00:00,0000-00-00 00:00:00
550,3177,01-2015,"1,200.00",0,0,0,0,0,0,0,0,0,0,0,0,0,0,13,0000-00-00 00:00:00,0000-00-00 00:00:00
551,3177,01-2015,"3,250.00",0,0,0,0,0,0,0,0,0,0,0,0,0,0,13,0000-00-00 00:00:00,0000-00-00 00:00:00
552,3193,01-2015,"4,040.00",0,0,0,0,0,0,0,0,0,0,0,0,0,0,13,0000-00-00 00:00:00,0000-00-00 00:00:00
553,3201,01-2015,"4,500.00",0,0,0,0,0,0,0,0,0,0,0,0,0,0,13,0000-00-00 00:00:00,0000-00-00 00:00:00
554,3211,01-2015,"5,900.00",0,0,0,0,0,0,0,0,0,0,0,0,0,0,13,0000-00-00 00:00:00,0000-00-00 00:00:00
555,3230,01-2015,"2,240.00",0,0,0,0,0,0,0,0,0,0,0,0,0,0,13,0000-00-00 00:00:00,0000-00-00 00:00:00
556,3237,01-2015,"2,150.00",0,0,0,0,0,0,0,0,0,0,0,0,0,0,13,0000-00-00 00:00:00,0000-00-00 00:00:00
557,3241,01-2015,"1,800.00",0,0,0,0,0,0,0,0,0,0,0,0,0,0,13,0000-00-00 00:00:00,0000-00-00 00:00:00
558,3248,01-2015,"4,450.00",0,0,0,0,0,0,0,0,0,0,0,0,0,0,13,0000-00-00 00:00:00,0000-00-00 00:00:00
559,3292,01-2015,"2,800.00",0,0,0,0,0,0,0,0,0,0,0,0,0,0,13,0000-00-00 00:00:00,0000-00-00 00:00:00
560,3305,01-2015,"4,250.00",0,0,0,0,0,0,0,0,0,0,0,0,0,0,13,0000-00-00 00:00:00,0000-00-00 00:00:00
561,3308,01-2015,"6,000.00",0,0,0,0,0,0,0,0,0,0,0,0,0,0,13,0000-00-00 00:00:00,0000-00-00 00:00:00
562,3316,01-2015,"3,000.00",0,0,0,0,0,0,0,0,0,0,0,0,0,0,13,0000-00-00 00:00:00,0000-00-00 00:00:00
563,3320,01-2015,"2,410.00",0,0,0,0,0,0,0,0,0,0,0,0,0,0,13,0000-00-00 00:00:00,0000-00-00 00:00:00
564,3321,01-2015,"2,010.00",0,0,0,0,0,0,0,0,0,0,0,0,0,0,13,0000-00-00 00:00:00,0000-00-00 00:00:00
565,3322,01-2015,"4,410.00",0,0,0,0,0,0,0,0,0,0,0,0,0,0,13,0000-00-00 00:00:00,0000-00-00 00:00:00
566,3334,01-2015,"2,410.00",0,0,0,0,0,0,0,0,0,0,0,0,0,0,13,0000-00-00 00:00:00,0000-00-00 00:00:00
567,3335,01-2015,"4,050.00",0,0,0,0,0,0,0,0,0,0,0,0,0,0,13,0000-00-00 00:00:00,0000-00-00 00:00:00
568,3344,01-2015,"2,800.00",0,0,0,0,0,0,0,0,0,0,0,0,0,0,13,0000-00-00 00:00:00,0000-00-00 00:00:00
569,3363,01-2015,150,0,0,0,0,0,0,0,0,0,0,0,0,0,0,13,0000-00-00 00:00:00,0000-00-00 00:00:00
570,3367,01-2015,"1,900.00",0,0,0,0,0,0,0,0,0,0,0,0,0,0,13,0000-00-00 00:00:00,0000-00-00 00:00:00
571,3381,01-2015,"1,680.00",0,0,0,0,0,0,0,0,0,0,0,0,0,0,13,0000-00-00 00:00:00,0000-00-00 00:00:00
572,3385,01-2015,"1,680.00",0,0,0,0,0,0,0,0,0,0,0,0,0,0,13,0000-00-00 00:00:00,0000-00-00 00:00:00
573,3395,01-2015,"7,900.00",0,0,0,0,0,0,0,0,0,0,0,0,0,0,13,0000-00-00 00:00:00,0000-00-00 00:00:00
574,3405,01-2015,"3,950.00",0,0,0,0,0,0,0,0,0,0,0,0,0,0,13,0000-00-00 00:00:00,0000-00-00 00:00:00
575,3420,01-2015,620,0,0,0,0,0,0,0,0,0,0,0,0,0,0,13,0000-00-00 00:00:00,0000-00-00 00:00:00
576,3431,01-2015,"3,200.00",0,0,0,0,0,0,0,0,0,0,0,0,0,0,13,0000-00-00 00:00:00,0000-00-00 00:00:00
577,3438,01-2015,"2,920.00",0,0,0,0,0,0,0,0,0,0,0,0,0,0,13,0000-00-00 00:00:00,0000-00-00 00:00:00
578,3446,01-2015, -   ,0,0,0,0,0,0,0,0,0,0,0,0,0,0,13,0000-00-00 00:00:00,0000-00-00 00:00:00
579,3447,01-2015,"3,200.00",0,0,0,0,0,0,0,0,0,0,0,0,0,0,13,0000-00-00 00:00:00,0000-00-00 00:00:00
580,3452,01-2015,"2,770.00",0,0,0,0,0,0,0,0,0,0,0,0,0,0,13,0000-00-00 00:00:00,0000-00-00 00:00:00
581,3457,01-2015,"2,400.00",0,0,0,0,0,0,0,0,0,0,0,0,0,0,13,0000-00-00 00:00:00,0000-00-00 00:00:00
582,3459,01-2015,"1,900.00",0,0,0,0,0,0,0,0,0,0,0,0,0,0,13,0000-00-00 00:00:00,0000-00-00 00:00:00
583,3464,01-2015,90,0,0,0,0,0,0,0,0,0,0,0,0,0,0,13,0000-00-00 00:00:00,0000-00-00 00:00:00
584,3473,01-2015,160,0,0,0,0,0,0,0,0,0,0,0,0,0,0,13,0000-00-00 00:00:00,0000-00-00 00:00:00
585,3480,01-2015,"1,530.00",0,0,0,0,0,0,0,0,0,0,0,0,0,0,13,0000-00-00 00:00:00,0000-00-00 00:00:00
586,3487,01-2015,"3,650.00",0,0,0,0,0,0,0,0,0,0,0,0,0,0,13,0000-00-00 00:00:00,0000-00-00 00:00:00
587,3489,01-2015,"1,230.00",0,0,0,0,0,0,0,0,0,0,0,0,0,0,13,0000-00-00 00:00:00,0000-00-00 00:00:00
588,3496,01-2015,450,0,0,0,0,0,0,0,0,0,0,0,0,0,0,13,0000-00-00 00:00:00,0000-00-00 00:00:00
589,3507,01-2015,"1,950.00",0,0,0,0,0,0,0,0,0,0,0,0,0,0,13,0000-00-00 00:00:00,0000-00-00 00:00:00
590,3510,01-2015,"1,080.00",0,0,0,0,0,0,0,0,0,0,0,0,0,0,13,0000-00-00 00:00:00,0000-00-00 00:00:00
591,3516,01-2015,"2,800.00",0,0,0,0,0,0,0,0,0,0,0,0,0,0,13,0000-00-00 00:00:00,0000-00-00 00:00:00
592,3527,01-2015,"1,680.00",0,0,0,0,0,0,0,0,0,0,0,0,0,0,13,0000-00-00 00:00:00,0000-00-00 00:00:00
593,3529,01-2015,"1,530.00",0,0,0,0,0,0,0,0,0,0,0,0,0,0,13,0000-00-00 00:00:00,0000-00-00 00:00:00
594,3539,01-2015,"1,120.00",0,0,0,0,0,0,0,0,0,0,0,0,0,0,13,0000-00-00 00:00:00,0000-00-00 00:00:00
595,3551,01-2015,"1,080.00",0,0,0,0,0,0,0,0,0,0,0,0,0,0,13,0000-00-00 00:00:00,0000-00-00 00:00:00
596,3557,01-2015,"1,230.00",0,0,0,0,0,0,0,0,0,0,0,0,0,0,13,0000-00-00 00:00:00,0000-00-00 00:00:00
597,3575,01-2015,930,0,0,0,0,0,0,0,0,0,0,0,0,0,0,13,0000-00-00 00:00:00,0000-00-00 00:00:00
598,3593,01-2015,"2,050.00",0,0,0,0,0,0,0,0,0,0,0,0,0,0,13,0000-00-00 00:00:00,0000-00-00 00:00:00
599,3605,01-2015,"4,100.00",0,0,0,0,0,0,0,0,0,0,0,0,0,0,13,0000-00-00 00:00:00,0000-00-00 00:00:00
600,3636,01-2015,"1,140.00",0,0,0,0,0,0,0,0,0,0,0,0,0,0,13,0000-00-00 00:00:00,0000-00-00 00:00:00
601,3637,01-2015,"1,800.00",0,0,0,0,0,0,0,0,0,0,0,0,0,0,13,0000-00-00 00:00:00,0000-00-00 00:00:00
602,3640,01-2015,"3,350.00",0,0,0,0,0,0,0,0,0,0,0,0,0,0,13,0000-00-00 00:00:00,0000-00-00 00:00:00
603,3658,01-2015,560,0,0,0,0,0,0,0,0,0,0,0,0,0,0,13,0000-00-00 00:00:00,0000-00-00 00:00:00
604,3672,01-2015,"1,800.00",0,0,0,0,0,0,0,0,0,0,0,0,0,0,13,0000-00-00 00:00:00,0000-00-00 00:00:00
605,3676,01-2015,540,0,0,0,0,0,0,0,0,0,0,0,0,0,0,13,0000-00-00 00:00:00,0000-00-00 00:00:00
606,3692,01-2015,90,0,0,0,0,0,0,0,0,0,0,0,0,0,0,13,0000-00-00 00:00:00,0000-00-00 00:00:00
607,3698,01-2015,90,0,0,0,0,0,0,0,0,0,0,0,0,0,0,13,0000-00-00 00:00:00,0000-00-00 00:00:00
608,688,01-2015,"7,680.00",0,0,0,0,0,0,0,0,0,0,0,0,0,0,14,0000-00-00 00:00:00,0000-00-00 00:00:00
609,1538,01-2015,"9,371.92",0,0,0,0,0,0,0,0,0,0,0,0,0,0,14,0000-00-00 00:00:00,0000-00-00 00:00:00
610,1676,01-2015,"5,980.00",0,0,0,0,0,0,0,0,0,0,0,0,0,0,14,0000-00-00 00:00:00,0000-00-00 00:00:00
611,1693,01-2015,"9,170.00",0,0,0,0,0,0,0,0,0,0,0,0,0,0,14,0000-00-00 00:00:00,0000-00-00 00:00:00
612,1703,01-2015,"8,150.00",0,0,0,0,0,0,0,0,0,0,0,0,0,0,14,0000-00-00 00:00:00,0000-00-00 00:00:00
613,1760,01-2015,"9,440.00",0,0,0,0,0,0,0,0,0,0,0,0,0,0,14,0000-00-00 00:00:00,0000-00-00 00:00:00
614,1931,01-2015,"6,780.00",0,0,0,0,0,0,0,0,0,0,0,0,0,0,14,0000-00-00 00:00:00,0000-00-00 00:00:00
615,1936,01-2015,"6,610.00",0,0,0,0,0,0,0,0,0,0,0,0,0,0,14,0000-00-00 00:00:00,0000-00-00 00:00:00
616,1973,01-2015,"13,930.00",0,0,0,0,0,0,0,0,0,0,0,0,0,0,14,0000-00-00 00:00:00,0000-00-00 00:00:00
617,1974,01-2015,"11,250.00",0,0,0,0,0,0,0,0,0,0,0,0,0,0,14,0000-00-00 00:00:00,0000-00-00 00:00:00
618,1976,01-2015,"6,450.00",0,0,0,0,0,0,0,0,0,0,0,0,0,0,14,0000-00-00 00:00:00,0000-00-00 00:00:00
619,1983,01-2015,"7,380.00",0,0,0,0,0,0,0,0,0,0,0,0,0,0,14,0000-00-00 00:00:00,0000-00-00 00:00:00
620,1987,01-2015,"7,320.00",0,0,0,0,0,0,0,0,0,0,0,0,0,0,14,0000-00-00 00:00:00,0000-00-00 00:00:00
621,2000,01-2015,"9,620.00",0,0,0,0,0,0,0,0,0,0,0,0,0,0,14,0000-00-00 00:00:00,0000-00-00 00:00:00
622,2018,01-2015,"6,620.00",0,0,0,0,0,0,0,0,0,0,0,0,0,0,14,0000-00-00 00:00:00,0000-00-00 00:00:00
623,2045,01-2015,"7,850.00",0,0,0,0,0,0,0,0,0,0,0,0,0,0,14,0000-00-00 00:00:00,0000-00-00 00:00:00
624,2052,01-2015,"6,790.00",0,0,0,0,0,0,0,0,0,0,0,0,0,0,14,0000-00-00 00:00:00,0000-00-00 00:00:00
625,2150,01-2015,"19,090.00",0,0,0,0,0,0,0,0,0,0,0,0,0,0,14,0000-00-00 00:00:00,0000-00-00 00:00:00
626,2207,01-2015,"6,830.00",0,0,0,0,0,0,0,0,0,0,0,0,0,0,14,0000-00-00 00:00:00,0000-00-00 00:00:00
627,2208,01-2015,"10,840.00",0,0,0,0,0,0,0,0,0,0,0,0,0,0,14,0000-00-00 00:00:00,0000-00-00 00:00:00
628,2211,01-2015,"10,515.00",0,0,0,0,0,0,0,0,0,0,0,0,0,0,14,0000-00-00 00:00:00,0000-00-00 00:00:00
629,2214,01-2015,"6,795.00",0,0,0,0,0,0,0,0,0,0,0,0,0,0,14,0000-00-00 00:00:00,0000-00-00 00:00:00
630,2244,01-2015,"5,820.00",0,0,0,0,0,0,0,0,0,0,0,0,0,0,14,0000-00-00 00:00:00,0000-00-00 00:00:00
631,2263,01-2015,"7,444.70",0,0,0,0,0,0,0,0,0,0,0,0,0,0,14,0000-00-00 00:00:00,0000-00-00 00:00:00
632,2267,01-2015,"9,920.00",0,0,0,0,0,0,0,0,0,0,0,0,0,0,14,0000-00-00 00:00:00,0000-00-00 00:00:00
633,2284,01-2015,"5,950.00",0,0,0,0,0,0,0,0,0,0,0,0,0,0,14,0000-00-00 00:00:00,0000-00-00 00:00:00
634,2291,01-2015,"6,825.00",0,0,0,0,0,0,0,0,0,0,0,0,0,0,14,0000-00-00 00:00:00,0000-00-00 00:00:00
635,2295,01-2015,300,0,0,0,0,0,0,0,0,0,0,0,0,0,0,14,0000-00-00 00:00:00,0000-00-00 00:00:00
636,2302,01-2015,"11,280.00",0,0,0,0,0,0,0,0,0,0,0,0,0,0,14,0000-00-00 00:00:00,0000-00-00 00:00:00
637,2305,01-2015,"6,950.00",0,0,0,0,0,0,0,0,0,0,0,0,0,0,14,0000-00-00 00:00:00,0000-00-00 00:00:00
638,2325,01-2015,"10,030.00",0,0,0,0,0,0,0,0,0,0,0,0,0,0,14,0000-00-00 00:00:00,0000-00-00 00:00:00
639,2331,01-2015,"9,050.00",0,0,0,0,0,0,0,0,0,0,0,0,0,0,14,0000-00-00 00:00:00,0000-00-00 00:00:00
640,2340,01-2015,"5,620.00",0,0,0,0,0,0,0,0,0,0,0,0,0,0,14,0000-00-00 00:00:00,0000-00-00 00:00:00
641,2363,01-2015,"4,910.00",0,0,0,0,0,0,0,0,0,0,0,0,0,0,14,0000-00-00 00:00:00,0000-00-00 00:00:00
642,2379,01-2015,"7,400.00",0,0,0,0,0,0,0,0,0,0,0,0,0,0,14,0000-00-00 00:00:00,0000-00-00 00:00:00
643,2381,01-2015,"5,750.00",0,0,0,0,0,0,0,0,0,0,0,0,0,0,14,0000-00-00 00:00:00,0000-00-00 00:00:00
644,2398,01-2015,"4,900.00",0,0,0,0,0,0,0,0,0,0,0,0,0,0,14,0000-00-00 00:00:00,0000-00-00 00:00:00
645,2401,01-2015,"6,820.00",0,0,0,0,0,0,0,0,0,0,0,0,0,0,14,0000-00-00 00:00:00,0000-00-00 00:00:00
646,2407,01-2015,"9,121.00",0,0,0,0,0,0,0,0,0,0,0,0,0,0,14,0000-00-00 00:00:00,0000-00-00 00:00:00
647,2409,01-2015,"11,550.00",0,0,0,0,0,0,0,0,0,0,0,0,0,0,14,0000-00-00 00:00:00,0000-00-00 00:00:00
648,2415,01-2015,"5,380.00",0,0,0,0,0,0,0,0,0,0,0,0,0,0,14,0000-00-00 00:00:00,0000-00-00 00:00:00
649,2464,01-2015,"6,750.00",0,0,0,0,0,0,0,0,0,0,0,0,0,0,14,0000-00-00 00:00:00,0000-00-00 00:00:00
650,2465,01-2015,"10,080.00",0,0,0,0,0,0,0,0,0,0,0,0,0,0,14,0000-00-00 00:00:00,0000-00-00 00:00:00
651,2466,01-2015,"16,980.00",0,0,0,0,0,0,0,0,0,0,0,0,0,0,14,0000-00-00 00:00:00,0000-00-00 00:00:00
652,2468,01-2015,,0,0,0,0,0,0,0,0,0,0,0,0,0,0,14,0000-00-00 00:00:00,0000-00-00 00:00:00
653,2470,01-2015,"6,415.00",0,0,0,0,0,0,0,0,0,0,0,0,0,0,14,0000-00-00 00:00:00,0000-00-00 00:00:00
654,2472,01-2015,"8,160.00",0,0,0,0,0,0,0,0,0,0,0,0,0,0,14,0000-00-00 00:00:00,0000-00-00 00:00:00
655,2474,01-2015,"4,050.00",0,0,0,0,0,0,0,0,0,0,0,0,0,0,14,0000-00-00 00:00:00,0000-00-00 00:00:00
656,2475,01-2015,"6,480.00",0,0,0,0,0,0,0,0,0,0,0,0,0,0,14,0000-00-00 00:00:00,0000-00-00 00:00:00
657,2478,01-2015,"5,818.00",0,0,0,0,0,0,0,0,0,0,0,0,0,0,14,0000-00-00 00:00:00,0000-00-00 00:00:00
658,2490,01-2015,"8,424.00",0,0,0,0,0,0,0,0,0,0,0,0,0,0,14,0000-00-00 00:00:00,0000-00-00 00:00:00
659,2506,01-2015,,0,0,0,0,0,0,0,0,0,0,0,0,0,0,14,0000-00-00 00:00:00,0000-00-00 00:00:00
660,2507,01-2015,"4,050.00",0,0,0,0,0,0,0,0,0,0,0,0,0,0,14,0000-00-00 00:00:00,0000-00-00 00:00:00
661,2508,01-2015,"4,500.00",0,0,0,0,0,0,0,0,0,0,0,0,0,0,14,0000-00-00 00:00:00,0000-00-00 00:00:00
662,2509,01-2015,"4,740.00",0,0,0,0,0,0,0,0,0,0,0,0,0,0,14,0000-00-00 00:00:00,0000-00-00 00:00:00
663,2510,01-2015,"3,820.00",0,0,0,0,0,0,0,0,0,0,0,0,0,0,14,0000-00-00 00:00:00,0000-00-00 00:00:00
664,2516,01-2015,"6,410.00",0,0,0,0,0,0,0,0,0,0,0,0,0,0,14,0000-00-00 00:00:00,0000-00-00 00:00:00
665,2524,01-2015,"3,900.00",0,0,0,0,0,0,0,0,0,0,0,0,0,0,14,0000-00-00 00:00:00,0000-00-00 00:00:00
666,2594,01-2015,,0,0,0,0,0,0,0,0,0,0,0,0,0,0,14,0000-00-00 00:00:00,0000-00-00 00:00:00
667,2599,01-2015,"10,200.00",0,0,0,0,0,0,0,0,0,0,0,0,0,0,14,0000-00-00 00:00:00,0000-00-00 00:00:00
668,2600,01-2015,"6,530.00",0,0,0,0,0,0,0,0,0,0,0,0,0,0,14,0000-00-00 00:00:00,0000-00-00 00:00:00
669,2601,01-2015,"8,840.00",0,0,0,0,0,0,0,0,0,0,0,0,0,0,14,0000-00-00 00:00:00,0000-00-00 00:00:00
670,2602,01-2015,"10,080.00",0,0,0,0,0,0,0,0,0,0,0,0,0,0,14,0000-00-00 00:00:00,0000-00-00 00:00:00
671,2603,01-2015,"7,130.00",0,0,0,0,0,0,0,0,0,0,0,0,0,0,14,0000-00-00 00:00:00,0000-00-00 00:00:00
672,2604,01-2015,"4,280.00",0,0,0,0,0,0,0,0,0,0,0,0,0,0,14,0000-00-00 00:00:00,0000-00-00 00:00:00
673,2605,01-2015,"4,440.00",0,0,0,0,0,0,0,0,0,0,0,0,0,0,14,0000-00-00 00:00:00,0000-00-00 00:00:00
674,2606,01-2015,"11,250.00",0,0,0,0,0,0,0,0,0,0,0,0,0,0,14,0000-00-00 00:00:00,0000-00-00 00:00:00
675,2607,01-2015,"21,550.00",0,0,0,0,0,0,0,0,0,0,0,0,0,0,14,0000-00-00 00:00:00,0000-00-00 00:00:00
676,2608,01-2015,"10,500.00",0,0,0,0,0,0,0,0,0,0,0,0,0,0,14,0000-00-00 00:00:00,0000-00-00 00:00:00
677,2611,01-2015,"4,020.00",0,0,0,0,0,0,0,0,0,0,0,0,0,0,14,0000-00-00 00:00:00,0000-00-00 00:00:00
678,2612,01-2015,"7,230.00",0,0,0,0,0,0,0,0,0,0,0,0,0,0,14,0000-00-00 00:00:00,0000-00-00 00:00:00
679,2644,01-2015,"4,080.00",0,0,0,0,0,0,0,0,0,0,0,0,0,0,14,0000-00-00 00:00:00,0000-00-00 00:00:00
680,2669,01-2015,"10,100.00",0,0,0,0,0,0,0,0,0,0,0,0,0,0,14,0000-00-00 00:00:00,0000-00-00 00:00:00
681,2672,01-2015,"4,280.00",0,0,0,0,0,0,0,0,0,0,0,0,0,0,14,0000-00-00 00:00:00,0000-00-00 00:00:00
682,2697,01-2015,"7,340.00",0,0,0,0,0,0,0,0,0,0,0,0,0,0,14,0000-00-00 00:00:00,0000-00-00 00:00:00
683,2704,01-2015,"5,230.00",0,0,0,0,0,0,0,0,0,0,0,0,0,0,14,0000-00-00 00:00:00,0000-00-00 00:00:00
684,2709,01-2015,"6,410.00",0,0,0,0,0,0,0,0,0,0,0,0,0,0,14,0000-00-00 00:00:00,0000-00-00 00:00:00
685,2714,01-2015,"5,360.00",0,0,0,0,0,0,0,0,0,0,0,0,0,0,14,0000-00-00 00:00:00,0000-00-00 00:00:00
686,2741,01-2015,"13,500.00",0,0,0,0,0,0,0,0,0,0,0,0,0,0,14,0000-00-00 00:00:00,0000-00-00 00:00:00
687,2753,01-2015,"2,830.00",0,0,0,0,0,0,0,0,0,0,0,0,0,0,14,0000-00-00 00:00:00,0000-00-00 00:00:00
688,2762,01-2015,"5,770.00",0,0,0,0,0,0,0,0,0,0,0,0,0,0,14,0000-00-00 00:00:00,0000-00-00 00:00:00
689,2768,01-2015,"5,160.00",0,0,0,0,0,0,0,0,0,0,0,0,0,0,14,0000-00-00 00:00:00,0000-00-00 00:00:00
690,2779,01-2015,"6,450.00",0,0,0,0,0,0,0,0,0,0,0,0,0,0,14,0000-00-00 00:00:00,0000-00-00 00:00:00
691,2780,01-2015,"4,650.00",0,0,0,0,0,0,0,0,0,0,0,0,0,0,14,0000-00-00 00:00:00,0000-00-00 00:00:00
692,2784,01-2015,"2,580.00",0,0,0,0,0,0,0,0,0,0,0,0,0,0,14,0000-00-00 00:00:00,0000-00-00 00:00:00
693,2788,01-2015,"4,840.00",0,0,0,0,0,0,0,0,0,0,0,0,0,0,14,0000-00-00 00:00:00,0000-00-00 00:00:00
694,2790,01-2015,"10,230.00",0,0,0,0,0,0,0,0,0,0,0,0,0,0,14,0000-00-00 00:00:00,0000-00-00 00:00:00
695,2802,01-2015,"3,870.00",0,0,0,0,0,0,0,0,0,0,0,0,0,0,14,0000-00-00 00:00:00,0000-00-00 00:00:00
696,2805,01-2015,"4,290.00",0,0,0,0,0,0,0,0,0,0,0,0,0,0,14,0000-00-00 00:00:00,0000-00-00 00:00:00
697,2806,01-2015,"11,300.00",0,0,0,0,0,0,0,0,0,0,0,0,0,0,14,0000-00-00 00:00:00,0000-00-00 00:00:00
698,2816,01-2015,"1,050.00",0,0,0,0,0,0,0,0,0,0,0,0,0,0,14,0000-00-00 00:00:00,0000-00-00 00:00:00
699,2818,01-2015,"6,400.00",0,0,0,0,0,0,0,0,0,0,0,0,0,0,14,0000-00-00 00:00:00,0000-00-00 00:00:00
700,2821,01-2015,"3,870.00",0,0,0,0,0,0,0,0,0,0,0,0,0,0,14,0000-00-00 00:00:00,0000-00-00 00:00:00
701,2851,01-2015,"3,720.00",0,0,0,0,0,0,0,0,0,0,0,0,0,0,14,0000-00-00 00:00:00,0000-00-00 00:00:00
702,2855,01-2015,"2,480.00",0,0,0,0,0,0,0,0,0,0,0,0,0,0,14,0000-00-00 00:00:00,0000-00-00 00:00:00
703,2856,01-2015,"4,520.00",0,0,0,0,0,0,0,0,0,0,0,0,0,0,14,0000-00-00 00:00:00,0000-00-00 00:00:00
704,2861,01-2015,"3,590.00",0,0,0,0,0,0,0,0,0,0,0,0,0,0,14,0000-00-00 00:00:00,0000-00-00 00:00:00
705,2862,01-2015,"4,380.00",0,0,0,0,0,0,0,0,0,0,0,0,0,0,14,0000-00-00 00:00:00,0000-00-00 00:00:00
706,2875,01-2015,"7,370.00",0,0,0,0,0,0,0,0,0,0,0,0,0,0,14,0000-00-00 00:00:00,0000-00-00 00:00:00
707,2880,01-2015,"5,600.00",0,0,0,0,0,0,0,0,0,0,0,0,0,0,14,0000-00-00 00:00:00,0000-00-00 00:00:00
708,2886,01-2015,"4,880.00",0,0,0,0,0,0,0,0,0,0,0,0,0,0,14,0000-00-00 00:00:00,0000-00-00 00:00:00
709,2889,01-2015,"5,930.00",0,0,0,0,0,0,0,0,0,0,0,0,0,0,14,0000-00-00 00:00:00,0000-00-00 00:00:00
710,2893,01-2015,"3,360.00",0,0,0,0,0,0,0,0,0,0,0,0,0,0,14,0000-00-00 00:00:00,0000-00-00 00:00:00
711,2895,01-2015,"4,630.00",0,0,0,0,0,0,0,0,0,0,0,0,0,0,14,0000-00-00 00:00:00,0000-00-00 00:00:00
712,2897,01-2015,"2,790.00",0,0,0,0,0,0,0,0,0,0,0,0,0,0,14,0000-00-00 00:00:00,0000-00-00 00:00:00
713,2906,01-2015,"7,310.00",0,0,0,0,0,0,0,0,0,0,0,0,0,0,14,0000-00-00 00:00:00,0000-00-00 00:00:00
714,2907,01-2015,"3,890.00",0,0,0,0,0,0,0,0,0,0,0,0,0,0,14,0000-00-00 00:00:00,0000-00-00 00:00:00
715,2917,01-2015,"3,450.00",0,0,0,0,0,0,0,0,0,0,0,0,0,0,14,0000-00-00 00:00:00,0000-00-00 00:00:00
716,2937,01-2015,"1,200.00",0,0,0,0,0,0,0,0,0,0,0,0,0,0,14,0000-00-00 00:00:00,0000-00-00 00:00:00
717,2941,01-2015,"5,450.00",0,0,0,0,0,0,0,0,0,0,0,0,0,0,14,0000-00-00 00:00:00,0000-00-00 00:00:00
718,2944,01-2015,"2,810.00",0,0,0,0,0,0,0,0,0,0,0,0,0,0,14,0000-00-00 00:00:00,0000-00-00 00:00:00
719,2947,01-2015,"4,070.00",0,0,0,0,0,0,0,0,0,0,0,0,0,0,14,0000-00-00 00:00:00,0000-00-00 00:00:00
720,2951,01-2015,700,0,0,0,0,0,0,0,0,0,0,0,0,0,0,14,0000-00-00 00:00:00,0000-00-00 00:00:00
721,2958,01-2015,"6,400.00",0,0,0,0,0,0,0,0,0,0,0,0,0,0,14,0000-00-00 00:00:00,0000-00-00 00:00:00
722,2964,01-2015,"5,150.00",0,0,0,0,0,0,0,0,0,0,0,0,0,0,14,0000-00-00 00:00:00,0000-00-00 00:00:00
723,2966,01-2015,"5,150.00",0,0,0,0,0,0,0,0,0,0,0,0,0,0,14,0000-00-00 00:00:00,0000-00-00 00:00:00
724,2974,01-2015,"2,630.00",0,0,0,0,0,0,0,0,0,0,0,0,0,0,14,0000-00-00 00:00:00,0000-00-00 00:00:00
725,2984,01-2015,"3,090.00",0,0,0,0,0,0,0,0,0,0,0,0,0,0,14,0000-00-00 00:00:00,0000-00-00 00:00:00
726,2993,01-2015,"5,150.00",0,0,0,0,0,0,0,0,0,0,0,0,0,0,14,0000-00-00 00:00:00,0000-00-00 00:00:00
727,2998,01-2015,"10,080.00",0,0,0,0,0,0,0,0,0,0,0,0,0,0,14,0000-00-00 00:00:00,0000-00-00 00:00:00
728,3002,01-2015,"3,090.00",0,0,0,0,0,0,0,0,0,0,0,0,0,0,14,0000-00-00 00:00:00,0000-00-00 00:00:00
729,3014,01-2015,"6,660.00",0,0,0,0,0,0,0,0,0,0,0,0,0,0,14,0000-00-00 00:00:00,0000-00-00 00:00:00
730,3016,01-2015,"3,090.00",0,0,0,0,0,0,0,0,0,0,0,0,0,0,14,0000-00-00 00:00:00,0000-00-00 00:00:00
731,3017,01-2015,"5,000.00",0,0,0,0,0,0,0,0,0,0,0,0,0,0,14,0000-00-00 00:00:00,0000-00-00 00:00:00
732,3022,01-2015,"5,430.00",0,0,0,0,0,0,0,0,0,0,0,0,0,0,14,0000-00-00 00:00:00,0000-00-00 00:00:00
733,3024,01-2015,"5,450.00",0,0,0,0,0,0,0,0,0,0,0,0,0,0,14,0000-00-00 00:00:00,0000-00-00 00:00:00
734,3027,01-2015,"5,350.00",0,0,0,0,0,0,0,0,0,0,0,0,0,0,14,0000-00-00 00:00:00,0000-00-00 00:00:00
735,3036,01-2015,"2,060.00",0,0,0,0,0,0,0,0,0,0,0,0,0,0,14,0000-00-00 00:00:00,0000-00-00 00:00:00
736,3038,01-2015,"3,090.00",0,0,0,0,0,0,0,0,0,0,0,0,0,0,14,0000-00-00 00:00:00,0000-00-00 00:00:00
737,3042,01-2015,"3,160.00",0,0,0,0,0,0,0,0,0,0,0,0,0,0,14,0000-00-00 00:00:00,0000-00-00 00:00:00
738,3050,01-2015,"2,380.00",0,0,0,0,0,0,0,0,0,0,0,0,0,0,14,0000-00-00 00:00:00,0000-00-00 00:00:00
739,3078,01-2015,"2,820.00",0,0,0,0,0,0,0,0,0,0,0,0,0,0,14,0000-00-00 00:00:00,0000-00-00 00:00:00
740,3084,01-2015,450,0,0,0,0,0,0,0,0,0,0,0,0,0,0,14,0000-00-00 00:00:00,0000-00-00 00:00:00
741,3093,01-2015,"6,180.00",0,0,0,0,0,0,0,0,0,0,0,0,0,0,14,0000-00-00 00:00:00,0000-00-00 00:00:00
742,3099,01-2015,"4,450.00",0,0,0,0,0,0,0,0,0,0,0,0,0,0,14,0000-00-00 00:00:00,0000-00-00 00:00:00
743,3100,01-2015,"4,450.00",0,0,0,0,0,0,0,0,0,0,0,0,0,0,14,0000-00-00 00:00:00,0000-00-00 00:00:00
744,3135,01-2015,"3,950.00",0,0,0,0,0,0,0,0,0,0,0,0,0,0,14,0000-00-00 00:00:00,0000-00-00 00:00:00
745,3139,01-2015,"2,700.00",0,0,0,0,0,0,0,0,0,0,0,0,0,0,14,0000-00-00 00:00:00,0000-00-00 00:00:00
746,3187,01-2015,"3,950.00",0,0,0,0,0,0,0,0,0,0,0,0,0,0,14,0000-00-00 00:00:00,0000-00-00 00:00:00
747,3206,01-2015,"4,500.00",0,0,0,0,0,0,0,0,0,0,0,0,0,0,14,0000-00-00 00:00:00,0000-00-00 00:00:00
748,3209,01-2015,"8,370.00",0,0,0,0,0,0,0,0,0,0,0,0,0,0,14,0000-00-00 00:00:00,0000-00-00 00:00:00
749,3250,01-2015,"3,870.00",0,0,0,0,0,0,0,0,0,0,0,0,0,0,14,0000-00-00 00:00:00,0000-00-00 00:00:00
750,3298,01-2015,"2,370.00",0,0,0,0,0,0,0,0,0,0,0,0,0,0,14,0000-00-00 00:00:00,0000-00-00 00:00:00
751,3325,01-2015,"2,010.00",0,0,0,0,0,0,0,0,0,0,0,0,0,0,14,0000-00-00 00:00:00,0000-00-00 00:00:00
752,3326,01-2015,"4,250.00",0,0,0,0,0,0,0,0,0,0,0,0,0,0,14,0000-00-00 00:00:00,0000-00-00 00:00:00
753,3331,01-2015,"7,900.00",0,0,0,0,0,0,0,0,0,0,0,0,0,0,14,0000-00-00 00:00:00,0000-00-00 00:00:00
754,3339,01-2015,"2,680.00",0,0,0,0,0,0,0,0,0,0,0,0,0,0,14,0000-00-00 00:00:00,0000-00-00 00:00:00
755,3345,01-2015,"2,370.00",0,0,0,0,0,0,0,0,0,0,0,0,0,0,14,0000-00-00 00:00:00,0000-00-00 00:00:00
756,3370,01-2015,"1,580.00",0,0,0,0,0,0,0,0,0,0,0,0,0,0,14,0000-00-00 00:00:00,0000-00-00 00:00:00
757,3390,01-2015,"3,950.00",0,0,0,0,0,0,0,0,0,0,0,0,0,0,14,0000-00-00 00:00:00,0000-00-00 00:00:00
758,3393,01-2015,"3,250.00",0,0,0,0,0,0,0,0,0,0,0,0,0,0,14,0000-00-00 00:00:00,0000-00-00 00:00:00
759,3398,01-2015,"2,150.00",0,0,0,0,0,0,0,0,0,0,0,0,0,0,14,0000-00-00 00:00:00,0000-00-00 00:00:00
760,3406,01-2015,"2,370.00",0,0,0,0,0,0,0,0,0,0,0,0,0,0,14,0000-00-00 00:00:00,0000-00-00 00:00:00
761,3409,01-2015,"2,370.00",0,0,0,0,0,0,0,0,0,0,0,0,0,0,14,0000-00-00 00:00:00,0000-00-00 00:00:00
762,3414,01-2015,"1,140.00",0,0,0,0,0,0,0,0,0,0,0,0,0,0,14,0000-00-00 00:00:00,0000-00-00 00:00:00
763,3415,01-2015,,0,0,0,0,0,0,0,0,0,0,0,0,0,0,14,0000-00-00 00:00:00,0000-00-00 00:00:00
764,3427,01-2015,"3,590.00",0,0,0,0,0,0,0,0,0,0,0,0,0,0,14,0000-00-00 00:00:00,0000-00-00 00:00:00
765,3442,01-2015,"1,480.00",0,0,0,0,0,0,0,0,0,0,0,0,0,0,14,0000-00-00 00:00:00,0000-00-00 00:00:00
766,3444,01-2015,"3,120.00",0,0,0,0,0,0,0,0,0,0,0,0,0,0,14,0000-00-00 00:00:00,0000-00-00 00:00:00
767,3445,01-2015,"2,860.00",0,0,0,0,0,0,0,0,0,0,0,0,0,0,14,0000-00-00 00:00:00,0000-00-00 00:00:00
768,3448,01-2015,"2,470.00",0,0,0,0,0,0,0,0,0,0,0,0,0,0,14,0000-00-00 00:00:00,0000-00-00 00:00:00
769,3463,01-2015,"3,700.00",0,0,0,0,0,0,0,0,0,0,0,0,0,0,14,0000-00-00 00:00:00,0000-00-00 00:00:00
770,3471,01-2015,"3,570.00",0,0,0,0,0,0,0,0,0,0,0,0,0,0,14,0000-00-00 00:00:00,0000-00-00 00:00:00
771,3472,01-2015,"1,480.00",0,0,0,0,0,0,0,0,0,0,0,0,0,0,14,0000-00-00 00:00:00,0000-00-00 00:00:00
772,3479,01-2015,"3,650.00",0,0,0,0,0,0,0,0,0,0,0,0,0,0,14,0000-00-00 00:00:00,0000-00-00 00:00:00
773,3481,01-2015,"3,650.00",0,0,0,0,0,0,0,0,0,0,0,0,0,0,14,0000-00-00 00:00:00,0000-00-00 00:00:00
774,3492,01-2015,"1,540.00",0,0,0,0,0,0,0,0,0,0,0,0,0,0,14,0000-00-00 00:00:00,0000-00-00 00:00:00
775,3499,01-2015,"1,240.00",0,0,0,0,0,0,0,0,0,0,0,0,0,0,14,0000-00-00 00:00:00,0000-00-00 00:00:00
776,3525,01-2015,150,0,0,0,0,0,0,0,0,0,0,0,0,0,0,14,0000-00-00 00:00:00,0000-00-00 00:00:00
777,3534,01-2015,720,0,0,0,0,0,0,0,0,0,0,0,0,0,0,14,0000-00-00 00:00:00,0000-00-00 00:00:00
778,3535,01-2015,"1,800.00",0,0,0,0,0,0,0,0,0,0,0,0,0,0,14,0000-00-00 00:00:00,0000-00-00 00:00:00
779,3540,01-2015,150,0,0,0,0,0,0,0,0,0,0,0,0,0,0,14,0000-00-00 00:00:00,0000-00-00 00:00:00
780,3546,01-2015,830,0,0,0,0,0,0,0,0,0,0,0,0,0,0,14,0000-00-00 00:00:00,0000-00-00 00:00:00
781,3550,01-2015,"3,570.00",0,0,0,0,0,0,0,0,0,0,0,0,0,0,14,0000-00-00 00:00:00,0000-00-00 00:00:00
782,3554,01-2015,"1,900.00",0,0,0,0,0,0,0,0,0,0,0,0,0,0,14,0000-00-00 00:00:00,0000-00-00 00:00:00
783,3559,01-2015,490,0,0,0,0,0,0,0,0,0,0,0,0,0,0,14,0000-00-00 00:00:00,0000-00-00 00:00:00
784,3577,01-2015,"1,290.00",0,0,0,0,0,0,0,0,0,0,0,0,0,0,14,0000-00-00 00:00:00,0000-00-00 00:00:00
785,3578,01-2015,270,0,0,0,0,0,0,0,0,0,0,0,0,0,0,14,0000-00-00 00:00:00,0000-00-00 00:00:00
786,3583,01-2015,900,0,0,0,0,0,0,0,0,0,0,0,0,0,0,14,0000-00-00 00:00:00,0000-00-00 00:00:00
787,3584,01-2015,910,0,0,0,0,0,0,0,0,0,0,0,0,0,0,14,0000-00-00 00:00:00,0000-00-00 00:00:00
788,3586,01-2015,"1,360.00",0,0,0,0,0,0,0,0,0,0,0,0,0,0,14,0000-00-00 00:00:00,0000-00-00 00:00:00
789,3622,01-2015,"1,140.00",0,0,0,0,0,0,0,0,0,0,0,0,0,0,14,0000-00-00 00:00:00,0000-00-00 00:00:00
790,3632,01-2015,"1,400.00",0,0,0,0,0,0,0,0,0,0,0,0,0,0,14,0000-00-00 00:00:00,0000-00-00 00:00:00
791,3635,01-2015,"1,800.00",0,0,0,0,0,0,0,0,0,0,0,0,0,0,14,0000-00-00 00:00:00,0000-00-00 00:00:00
792,3643,01-2015,"1,400.00",0,0,0,0,0,0,0,0,0,0,0,0,0,0,14,0000-00-00 00:00:00,0000-00-00 00:00:00
793,3648,01-2015,120,0,0,0,0,0,0,0,0,0,0,0,0,0,0,14,0000-00-00 00:00:00,0000-00-00 00:00:00
794,3681,01-2015,980,0,0,0,0,0,0,0,0,0,0,0,0,0,0,14,0000-00-00 00:00:00,0000-00-00 00:00:00
795,3694,01-2015,90,0,0,0,0,0,0,0,0,0,0,0,0,0,0,14,0000-00-00 00:00:00,0000-00-00 00:00:00
796,3704,01-2015,920,0,0,0,0,0,0,0,0,0,0,0,0,0,0,14,0000-00-00 00:00:00,0000-00-00 00:00:00
797,Y768,01-2015,"9,150.00",0,0,0,0,0,0,0,0,0,0,0,0,0,0,15,0000-00-00 00:00:00,0000-00-00 00:00:00
798,Y769,01-2015,"9,150.00",0,0,0,0,0,0,0,0,0,0,0,0,0,0,15,0000-00-00 00:00:00,0000-00-00 00:00:00
799,Y770,01-2015,"4,293.00",0,0,0,0,0,0,0,0,0,0,0,0,0,0,15,0000-00-00 00:00:00,0000-00-00 00:00:00
800,Y771,01-2015,"1,580.00",0,0,0,0,0,0,0,0,0,0,0,0,0,0,15,0000-00-00 00:00:00,0000-00-00 00:00:00
801,1125,01-2015,20,0,0,0,0,0,0,0,0,0,0,0,0,0,0,15,0000-00-00 00:00:00,0000-00-00 00:00:00
802,F920,01-2015,"2,310.00",0,0,0,0,0,0,0,0,0,0,0,0,0,0,16,0000-00-00 00:00:00,0000-00-00 00:00:00
803,F921,01-2015,"1,870.00",0,0,0,0,0,0,0,0,0,0,0,0,0,0,16,0000-00-00 00:00:00,0000-00-00 00:00:00
804,F922,01-2015,"1,040.00",0,0,0,0,0,0,0,0,0,0,0,0,0,0,16,0000-00-00 00:00:00,0000-00-00 00:00:00
805,F923,01-2015,"1,040.00",0,0,0,0,0,0,0,0,0,0,0,0,0,0,16,0000-00-00 00:00:00,0000-00-00 00:00:00
806,F924,01-2015,"2,240.00",0,0,0,0,0,0,0,0,0,0,0,0,0,0,16,0000-00-00 00:00:00,0000-00-00 00:00:00
807,F925,01-2015,"1,990.00",0,0,0,0,0,0,0,0,0,0,0,0,0,0,16,0000-00-00 00:00:00,0000-00-00 00:00:00
808,F926,01-2015,"2,050.00",0,0,0,0,0,0,0,0,0,0,0,0,0,0,16,0000-00-00 00:00:00,0000-00-00 00:00:00
809,F927,01-2015,"1,500.00",0,0,0,0,0,0,0,0,0,0,0,0,0,0,16,0000-00-00 00:00:00,0000-00-00 00:00:00
810,E169,01-2015,"4,050.00",0,0,0,0,0,0,0,0,0,0,0,0,0,0,17,0000-00-00 00:00:00,0000-00-00 00:00:00
811,E170,01-2015,"1,800.00",0,0,0,0,0,0,0,0,0,0,0,0,0,0,17,0000-00-00 00:00:00,0000-00-00 00:00:00
812,E171,01-2015,"1,800.00",0,0,0,0,0,0,0,0,0,0,0,0,0,0,17,0000-00-00 00:00:00,0000-00-00 00:00:00
813,E172,01-2015,"1,800.00",0,0,0,0,0,0,0,0,0,0,0,0,0,0,17,0000-00-00 00:00:00,0000-00-00 00:00:00
814,B101,01-2015,"3,960.00",0,0,0,0,0,0,0,0,0,0,0,0,0,0,18,0000-00-00 00:00:00,0000-00-00 00:00:00
815,B103,01-2015,"3,250.00",0,0,0,0,0,0,0,0,0,0,0,0,0,0,18,0000-00-00 00:00:00,0000-00-00 00:00:00
816,B104,01-2015,"2,360.00",0,0,0,0,0,0,0,0,0,0,0,0,0,0,18,0000-00-00 00:00:00,0000-00-00 00:00:00
817,B105,01-2015,"2,360.00",0,0,0,0,0,0,0,0,0,0,0,0,0,0,18,0000-00-00 00:00:00,0000-00-00 00:00:00
818,B106,01-2015,"4,850.00",0,0,0,0,0,0,0,0,0,0,0,0,0,0,18,0000-00-00 00:00:00,0000-00-00 00:00:00
819,B107,01-2015,"4,850.00",0,0,0,0,0,0,0,0,0,0,0,0,0,0,18,0000-00-00 00:00:00,0000-00-00 00:00:00
820,B108,01-2015,"1,460.00",0,0,0,0,0,0,0,0,0,0,0,0,0,0,18,0000-00-00 00:00:00,0000-00-00 00:00:00
821,B109,01-2015,"3,350.00",0,0,0,0,0,0,0,0,0,0,0,0,0,0,18,0000-00-00 00:00:00,0000-00-00 00:00:00
822,B10,01-2015,960,0,0,0,0,0,0,0,0,0,0,0,0,0,0,18,0000-00-00 00:00:00,0000-00-00 00:00:00
823,C556,01-2015,"2,720.00",0,0,0,0,0,0,0,0,0,0,0,0,0,0,19,0000-00-00 00:00:00,0000-00-00 00:00:00
824,C558,01-2015,"2,960.00",0,0,0,0,0,0,0,0,0,0,0,0,0,0,19,0000-00-00 00:00:00,0000-00-00 00:00:00
825,C559,01-2015,"4,000.00",0,0,0,0,0,0,0,0,0,0,0,0,0,0,19,0000-00-00 00:00:00,0000-00-00 00:00:00
826,C560,01-2015,"4,000.00",0,0,0,0,0,0,0,0,0,0,0,0,0,0,19,0000-00-00 00:00:00,0000-00-00 00:00:00
827,C564,01-2015,"4,000.00",0,0,0,0,0,0,0,0,0,0,0,0,0,0,19,0000-00-00 00:00:00,0000-00-00 00:00:00
828,C565,01-2015,"2,400.00",0,0,0,0,0,0,0,0,0,0,0,0,0,0,19,0000-00-00 00:00:00,0000-00-00 00:00:00
829,C568,01-2015,"2,190.00",0,0,0,0,0,0,0,0,0,0,0,0,0,0,19,0000-00-00 00:00:00,0000-00-00 00:00:00
830,C569,01-2015,"1,680.00",0,0,0,0,0,0,0,0,0,0,0,0,0,0,19,0000-00-00 00:00:00,0000-00-00 00:00:00
831,B401,01-2015,"1,530.00",0,0,0,0,0,0,0,0,0,0,0,0,0,0,20,0000-00-00 00:00:00,0000-00-00 00:00:00
832,B402,01-2015,"1,530.00",0,0,0,0,0,0,0,0,0,0,0,0,0,0,20,0000-00-00 00:00:00,0000-00-00 00:00:00
833,B403,01-2015,"1,530.00",0,0,0,0,0,0,0,0,0,0,0,0,0,0,20,0000-00-00 00:00:00,0000-00-00 00:00:00
834,B404,01-2015,"1,530.00",0,0,0,0,0,0,0,0,0,0,0,0,0,0,20,0000-00-00 00:00:00,0000-00-00 00:00:00
835,B405,01-2015,"1,530.00",0,0,0,0,0,0,0,0,0,0,0,0,0,0,20,0000-00-00 00:00:00,0000-00-00 00:00:00
836,B406,01-2015,"1,530.00",0,0,0,0,0,0,0,0,0,0,0,0,0,0,20,0000-00-00 00:00:00,0000-00-00 00:00:00
837,B406,01-2015,"1,530.00",0,0,0,0,0,0,0,0,0,0,0,0,0,0,20,0000-00-00 00:00:00,0000-00-00 00:00:00
838,B407,01-2015,"2,180.00",0,0,0,0,0,0,0,0,0,0,0,0,0,0,20,0000-00-00 00:00:00,0000-00-00 00:00:00
839,PM 01,01-2015,"1,950.00",0,0,0,0,0,0,0,0,0,0,0,0,0,0,21,0000-00-00 00:00:00,0000-00-00 00:00:00
840,PM 02,01-2015,"1,950.00",0,0,0,0,0,0,0,0,0,0,0,0,0,0,21,0000-00-00 00:00:00,0000-00-00 00:00:00
841,PM 03,01-2015,"1,950.00",0,0,0,0,0,0,0,0,0,0,0,0,0,0,21,0000-00-00 00:00:00,0000-00-00 00:00:00
842,PM 04,01-2015,"1,950.00",0,0,0,0,0,0,0,0,0,0,0,0,0,0,21,0000-00-00 00:00:00,0000-00-00 00:00:00
843,PM 05,01-2015,"1,950.00",0,0,0,0,0,0,0,0,0,0,0,0,0,0,21,0000-00-00 00:00:00,0000-00-00 00:00:00
844,PM 06,01-2015,"1,950.00",0,0,0,0,0,0,0,0,0,0,0,0,0,0,21,0000-00-00 00:00:00,0000-00-00 00:00:00
845,PM 07,01-2015,"1,980.00",0,0,0,0,0,0,0,0,0,0,0,0,0,0,21,0000-00-00 00:00:00,0000-00-00 00:00:00
846,PM 08,01-2015,"1,950.00",0,0,0,0,0,0,0,0,0,0,0,0,0,0,21,0000-00-00 00:00:00,0000-00-00 00:00:00
847,PM 09,01-2015,"1,950.00",0,0,0,0,0,0,0,0,0,0,0,0,0,0,21,0000-00-00 00:00:00,0000-00-00 00:00:00
848,PM 10,01-2015,"1,950.00",0,0,0,0,0,0,0,0,0,0,0,0,0,0,21,0000-00-00 00:00:00,0000-00-00 00:00:00
849,PM 11,01-2015,"1,950.00",0,0,0,0,0,0,0,0,0,0,0,0,0,0,21,0000-00-00 00:00:00,0000-00-00 00:00:00
850,PM 12,01-2015,"1,950.00",0,0,0,0,0,0,0,0,0,0,0,0,0,0,21,0000-00-00 00:00:00,0000-00-00 00:00:00
851,PM 14,01-2015,"1,680.00",0,0,0,0,0,0,0,0,0,0,0,0,0,0,21,0000-00-00 00:00:00,0000-00-00 00:00:00
852,S768,01-2015,"7,282.70",0,0,0,0,0,0,0,0,0,0,0,0,0,0,23,0000-00-00 00:00:00,0000-00-00 00:00:00
853,S783,01-2015,"21,882.00",0,0,0,0,0,0,0,0,0,0,0,0,0,0,23,0000-00-00 00:00:00,0000-00-00 00:00:00
854,S784,01-2015,"13,750.00",0,0,0,0,0,0,0,0,0,0,0,0,0,0,23,0000-00-00 00:00:00,0000-00-00 00:00:00
855,S785,01-2015,"4,860.00",0,0,0,0,0,0,0,0,0,0,0,0,0,0,23,0000-00-00 00:00:00,0000-00-00 00:00:00
856,S790,01-2015,"3,810.00",0,0,0,0,0,0,0,0,0,0,0,0,0,0,23,0000-00-00 00:00:00,0000-00-00 00:00:00
857,S791,01-2015,"3,650.00",0,0,0,0,0,0,0,0,0,0,0,0,0,0,23,0000-00-00 00:00:00,0000-00-00 00:00:00
858,S798,01-2015,"1,280.00",0,0,0,0,0,0,0,0,0,0,0,0,0,0,23,0000-00-00 00:00:00,0000-00-00 00:00:00
859,S802,01-2015,"1,750.00",0,0,0,0,0,0,0,0,0,0,0,0,0,0,23,0000-00-00 00:00:00,0000-00-00 00:00:00
860,S753,01-2015,"1,800.00",0,0,0,0,0,0,0,0,0,0,0,0,0,0,23,0000-00-00 00:00:00,0000-00-00 00:00:00
861,S762,01-2015,870,0,0,0,0,0,0,0,0,0,0,0,0,0,0,23,0000-00-00 00:00:00,0000-00-00 00:00:00
862,S766,01-2015,870,0,0,0,0,0,0,0,0,0,0,0,0,0,0,23,0000-00-00 00:00:00,0000-00-00 00:00:00
863,S773,01-2015,"1,450.00",0,0,0,0,0,0,0,0,0,0,0,0,0,0,23,0000-00-00 00:00:00,0000-00-00 00:00:00
864,S774,01-2015,870,0,0,0,0,0,0,0,0,0,0,0,0,0,0,23,0000-00-00 00:00:00,0000-00-00 00:00:00
865,S775,01-2015,870,0,0,0,0,0,0,0,0,0,0,0,0,0,0,23,0000-00-00 00:00:00,0000-00-00 00:00:00
866,S793,01-2015,"1,450.00",0,0,0,0,0,0,0,0,0,0,0,0,0,0,23,0000-00-00 00:00:00,0000-00-00 00:00:00
867,S794,01-2015,"1,450.00",0,0,0,0,0,0,0,0,0,0,0,0,0,0,23,0000-00-00 00:00:00,0000-00-00 00:00:00
868,S800,01-2015,680,0,0,0,0,0,0,0,0,0,0,0,0,0,0,23,0000-00-00 00:00:00,0000-00-00 00:00:00
869,S801,01-2015,300,0,0,0,0,0,0,0,0,0,0,0,0,0,0,23,0000-00-00 00:00:00,0000-00-00 00:00:00
870,S803,01-2015,700,0,0,0,0,0,0,0,0,0,0,0,0,0,0,23,0000-00-00 00:00:00,0000-00-00 00:00:00
871,S804,01-2015,300,0,0,0,0,0,0,0,0,0,0,0,0,0,0,23,0000-00-00 00:00:00,0000-00-00 00:00:00
872,S805,01-2015,450,0,0,0,0,0,0,0,0,0,0,0,0,0,0,23,0000-00-00 00:00:00,0000-00-00 00:00:00
873,S806,01-2015,270,0,0,0,0,0,0,0,0,0,0,0,0,0,0,23,0000-00-00 00:00:00,0000-00-00 00:00:00
874,S807,01-2015,270,0,0,0,0,0,0,0,0,0,0,0,0,0,0,23,0000-00-00 00:00:00,0000-00-00 00:00:00
875,S808,01-2015,450,0,0,0,0,0,0,0,0,0,0,0,0,0,0,23,0000-00-00 00:00:00,0000-00-00 00:00:00
876,S809,01-2015,450,0,0,0,0,0,0,0,0,0,0,0,0,0,0,23,0000-00-00 00:00:00,0000-00-00 00:00:00
877,S810,01-2015,"10,439.32",0,0,0,0,0,0,0,0,0,0,0,0,0,0,23,0000-00-00 00:00:00,0000-00-00 00:00:00
878,980,01-2015,"9,550.00",0,0,0,0,0,0,0,0,0,0,0,0,0,0,25,0000-00-00 00:00:00,0000-00-00 00:00:00
879,1071,01-2015,"8,530.00",0,0,0,0,0,0,0,0,0,0,0,0,0,0,25,0000-00-00 00:00:00,0000-00-00 00:00:00
880,1555,01-2015,"2,240.00",0,0,0,0,0,0,0,0,0,0,0,0,0,0,25,0000-00-00 00:00:00,0000-00-00 00:00:00
881,1795,01-2015,"1,470.00",0,0,0,0,0,0,0,0,0,0,0,0,0,0,25,0000-00-00 00:00:00,0000-00-00 00:00:00
882,827,01-2015,"7,050.00",0,0,0,0,0,0,0,0,0,0,0,0,0,0,26,0000-00-00 00:00:00,0000-00-00 00:00:00
883,987,01-2015,"25,593.00",0,0,0,0,0,0,0,0,0,0,0,0,0,0,26,0000-00-00 00:00:00,0000-00-00 00:00:00
884,722,01-2015,"10,430.00",0,0,0,0,0,0,0,0,0,0,0,0,0,0,26,0000-00-00 00:00:00,0000-00-00 00:00:00
885,1630,01-2015,"8,670.00",0,0,0,0,0,0,0,0,0,0,0,0,0,0,26,0000-00-00 00:00:00,0000-00-00 00:00:00
886,1466,01-2015,"12,460.00",0,0,0,0,0,0,0,0,0,0,0,0,0,0,26,0000-00-00 00:00:00,0000-00-00 00:00:00
887,625,01-2015,"10,410.00",0,0,0,0,0,0,0,0,0,0,0,0,0,0,26,0000-00-00 00:00:00,0000-00-00 00:00:00
888,326,01-2015,"5,642.70",0,0,0,0,0,0,0,0,0,0,0,0,0,0,26,0000-00-00 00:00:00,0000-00-00 00:00:00
889,894,01-2015,"6,563.00",0,0,0,0,0,0,0,0,0,0,0,0,0,0,26,0000-00-00 00:00:00,0000-00-00 00:00:00
890,111,01-2015,"7,930.00",0,0,0,0,0,0,0,0,0,0,0,0,0,0,26,0000-00-00 00:00:00,0000-00-00 00:00:00
891,1017,01-2015,"9,400.00",0,0,0,0,0,0,0,0,0,0,0,0,0,0,26,0000-00-00 00:00:00,0000-00-00 00:00:00
892,2163,01-2015,"6,920.00",0,0,0,0,0,0,0,0,0,0,0,0,0,0,26,0000-00-00 00:00:00,0000-00-00 00:00:00
893,1188,01-2015,"8,350.00",0,0,0,0,0,0,0,0,0,0,0,0,0,0,26,0000-00-00 00:00:00,0000-00-00 00:00:00
894,2008,01-2015,"8,130.00",0,0,0,0,0,0,0,0,0,0,0,0,0,0,26,0000-00-00 00:00:00,0000-00-00 00:00:00
